identifiant_contrat;code_etablissement;code_produit;type_produit;date_ouverture;date_echeance;montant_initial;montant_restant_du;devise;type_taux;taux_dar;duree_initiale_mois;identifiant_tiers;statut_contrat;segment_clientele
C000001;ETB001;PRET_IMMO;CREDIT;2021-03-27;2027-12-14;409708.78;299508.08;EUR;VARIABLE;;300;T000417;CONTENTIEUX;ETI
C000002;ETB001;PEL;EPARGNE;2015-10-09;;166861.22;;EUR;;;;T000435;CONTENTIEUX;ETI
C000003;ETB001;PRET_IMMO;CREDIT;2017-03-26;2040-08-20;28188.98;5893.63;EUR;FIXE;2.5289;240;T000095;CLOTURE;
C000004;ETB001;PRET_IMMO;CREDIT;2020-03-07;2032-06-25;324083.31;284491.56;EUR;VARIABLE;;240;T000053;ACTIF;ETI
C000005;ETB001;DAV;DEPOT;2018-12-10;;232064.7;;EUR;;;;T000230;CONTENTIEUX;
C000006;ETB001;PRET_IMMO;DEPOT;2018-11-07;;401975.31;;EUR;FIXE;;;T000052;ACTIF;ETI
C000007;ETB001;CAT;DEPOT;2022-09-22;;383248.63;;EUR;;;;T000033;CONTENTIEUX;PME
C000008;ETB001;DECOUVERT;CREDIT;2022-03-11;2028-05-12;371205.31;123950.75;EUR;REVISABLE;;120;T000339;ACTIF;
C000009;ETB001;CAT;DEPOT;2022-10-29;;462147.96;;EUR;;;;T000499;CONTENTIEUX;
C000010;ETB001;PRET_CONSO;CREDIT;2018-01-30;2030-01-09;315259.52;173225.03;EUR;REVISABLE;;120;T000159;ACTIF;PARTICULIER
C000011;ETB001;PEL;EPARGNE;2015-01-05;;25015.24;;EUR;;;;T000164;ACTIF;PME
C000012;ETB001;CREDIT_BAIL;CREDIT;2020-12-03;2026-04-07;298110.55;110056.01;EUR;VARIABLE;;240;T000291;ACTIF;ETI
C000013;ETB001;PEL;EPARGNE;2021-04-10;;91118.08;;EUR;;;;T000047;ACTIF;PARTICULIER
C000014;ETB001;LIVRET_A;EPARGNE;2021-01-30;;1221.96;;EUR;;;;T000069;CLOTURE;
C000015;ETB001;DECOUVERT;CREDIT;2023-06-18;2029-12-31;217978.0;97358.92;EUR;FIXE;2.3939;60;T000185;ACTIF;ETI
C000016;ETB001;DECOUVERT;CREDIT;2021-12-05;;404116.69;70645.39;EUR;VARIABLE;;180;T000180;ACTIF;ETI
C000017;ETB001;CREDIT_BAIL;CREDIT;2020-03-31;2024-04-30;145922.17;129600.11;EUR;VARIABLE;;60;T000074;CONTENTIEUX;
C000018;ETB001;PEL;EPARGNE;2022-01-20;;496668.54;;EUR;;;;T000341;ACTIF;PARTICULIER
C000019;ETB001;PRET_CONSO;CREDIT;2020-02-23;2031-09-08;486396.94;327028.29;EUR;REVISABLE;;240;T000308;ACTIF;PME
C000020;ETB001;PRET_CONSO;CREDIT;2019-03-25;2031-10-30;129523.32;78702.13;EUR;FIXE;1.6255;180;T000454;ACTIF;PME
C000021;ETB001;PRET_CONSO;CREDIT;2016-12-26;2027-02-07;426535.8;352634.32;EUR;REVISABLE;;300;T000331;CLOTURE;PARTICULIER
C000022;ETB001;PRET_IMMO;CREDIT;2017-09-26;2031-04-24;355929.37;253156.97;EUR;REVISABLE;;300;T000216;CLOTURE;ETI
C000023;ETB001;CAT;DEPOT;2021-12-21;;350958.22;;EUR;;;;T000359;CONTENTIEUX;PARTICULIER
C000024;ETB001;PEL;EPARGNE;2021-06-08;;85997.77;;EUR;;;;T000227;CONTENTIEUX;PME
C000025;ETB001;CAT;DEPOT;2022-12-12;;137278.82;;EUR;;;;T000116;ACTIF;ETI
C000026;ETB001;CAT;DEPOT;2021-07-20;;123626.22;-1500.00;EUR;;;;T000083;ACTIF;PME
C000027;ETB001;PRET_CONSO;CREDIT;2023-08-01;2026-07-30;477075.06;428021.88;EUR;FIXE;2.3529;120;T000278;ACTIF;ETI
C000028;ETB001;PRET_CONSO;CREDIT;2020-01-27;2028-05-16;444052.77;252268.08;EUR;FIXE;4.2909;240;T000387;ACTIF;PARTICULIER
C000029;ETB001;PRET_IMMO;CREDIT;2017-04-15;2027-07-04;320224.07;182918.76;EUR;REVISABLE;;180;T000039;ACTIF;ETI
C000030;ETB001;CAT;DEPOT;2020-09-23;;349965.73;;EUR;;;;T000072;ACTIF;PME
C000031;ETB001;CREDIT_BAIL;CREDIT;2022-10-03;2025-11-01;73401.58;42894.04;EUR;VARIABLE;;300;T000351;ACTIF;ETI
C000032;ETB001;PRET_CONSO;CREDIT;2022-08-04;2038-07-05;484390.69;92524.91;EUR;FIXE;1.6302;120;T000500;ACTIF;PME
C000033;ETB001;PRET_CONSO;CREDIT;2017-04-28;2027-06-20;128307.73;95389.92;EUR;REVISABLE;;300;T000268;CONTENTIEUX;ETI
C000034;ETB001;CREDIT_BAIL;CREDIT;2018-11-04;2038-07-01;434206.14;62294.08;EUR;FIXE;3.8917;60;T000198;CONTENTIEUX;PME
C000035;ETB001;LIVRET_A;EPARGNE;2020-05-01;;416025.3;;EUR;;;;T000188;ACTIF;PARTICULIER
C000036;ETB001;DECOUVERT;CREDIT;2020-08-08;2027-05-31;0;56074.32;EUR;VARIABLE;;240;T000205;ACTIF;
C000037;ETB001;LIVRET_A;EPARGNE;2022-03-07;;456847.34;;EUR;;;;T000112;ACTIF;PME
C000038;ETB001;PRET_IMMO;CREDIT;2017-09-23;2035-02-04;152527.08;34767.27;EUR;FIXE;1.6354;300;T000394;ACTIF;ETI
C000039;ETB001;LIVRET_A;EPARGNE;2021-12-20;;67669.86;;EUR;;;;T000372;CLOTURE;PME
C000040;ETB001;DECOUVERT;CREDIT;2020-11-29;2036-03-28;284561.7;222130.55;EUR;REVISABLE;;240;T000025;ACTIF;
C000041;ETB001;PEL;EPARGNE;2023-04-30;;116842.33;;EUR;;;;T000371;ACTIF;
C000042;ETB001;PRET_IMMO;CREDIT;2015-07-06;2029-09-22;352668.15;259710.7;EUR;REVISABLE;;120;T000125;ACTIF;PME
C000043;ETB001;PEL;EPARGNE;2019-06-09;;192772.22;;EUR;;;;T000204;ACTIF;
C000044;ETB001;PRET_CONSO;CREDIT;2017-10-21;2034-06-12;335060.21;198722.46;EUR;VARIABLE;;300;T000115;ACTIF;ETI
C000045;ETB001;DAV;DEPOT;2021-04-14;;370109.47;;EUR;;;;T000353;ACTIF;PME
C000046;ETB001;LIVRET_A;EPARGNE;2017-03-07;;160416.01;;XXX;;;;T000354;ACTIF;PME
C000047;ETB001;LIVRET_A;EPARGNE;2020-04-16;;426348.62;;EUR;;;;T000273;CLOTURE;ETI
C000048;ETB001;PEL;EPARGNE;2016-06-07;;50171.02;;EUR;;;;T000172;ACTIF;ETI
C000049;ETB001;CREDIT_BAIL;CREDIT;2017-01-24;2036-04-26;431222.07;368078.08;EUR;VARIABLE;;180;T000096;CONTENTIEUX;PARTICULIER
C000050;ETB001;DAV;DEPOT;2015-06-12;;25858.14;;EUR;;;;T000492;ACTIF;PME
C000051;ETB001;LIVRET_A;EPARGNE;2022-05-09;;343300.58;;EUR;;;;T000130;ACTIF;PARTICULIER
C000052;ETB001;DAV;DEPOT;2017-10-04;;175003.14;;EUR;;;;T000149;CLOTURE;PARTICULIER
C000053;ETB001;CAT;DEPOT;2017-06-26;;210007.9;;EUR;;;;T000454;ACTIF;ETI
C000054;ETB001;DECOUVERT;CREDIT;2019-05-09;2027-04-10;409089.23;64558.77;EUR;FIXE;0.7902;60;T000005;ACTIF;PME
C000055;ETB001;CREDIT_BAIL;CREDIT;2023-12-17;2028-12-30;336213.64;132682.77;EUR;VARIABLE;;180;T000425;ACTIF;ETI
C000056;ETB001;PRET_IMMO;CREDIT;2022-11-14;2036-02-27;111322.62;41310.62;EUR;FIXE;3.3969;180;T000077;ACTIF;PARTICULIER
C000057;ETB001;CAT;DEPOT;2018-02-07;;311149.85;;EUR;;;;T000379;CLOTURE;
C000058;ETB001;CAT;DEPOT;2019-11-10;;494106.96;;EUR;;;;T000069;CLOTURE;ETI
C000059;ETB001;PRET_CONSO;CREDIT;2022-03-22;2028-09-03;167852.21;66294.78;EUR;VARIABLE;;120;T000117;CLOTURE;PARTICULIER
C000060;ETB001;PEL;EPARGNE;2016-07-18;;157007.81;;EUR;;;;T000292;ACTIF;
C000061;ETB001;LIVRET_A;EPARGNE;2015-04-07;;257410.82;;EUR;;;;T000320;CONTENTIEUX;PME
C000062;ETB001;PRET_CONSO;CREDIT;2018-01-13;2039-06-12;444818.64;269844.55;EUR;FIXE;3.3692;300;T000283;ACTIF;
C000063;ETB001;PRET_CONSO;CREDIT;2023-07-05;2040-11-18;34470.99;6715.26;EUR;REVISABLE;;180;T000015;ACTIF;PME
C000064;ETB001;LIVRET_A;EPARGNE;2019-06-14;;92594.03;;EUR;;;;T000487;ACTIF;PME
C000065;ETB001;DAV;DEPOT;2020-09-04;;143854.46;;EUR;;;;T000394;ACTIF;ETI
C000066;ETB001;DAV;DEPOT;2015-02-11;;306895.05;;EUR;;;;T000468;CLOTURE;ETI
C000067;ETB001;CAT;DEPOT;2023-02-26;;411081.0;;EUR;;;;T000240;ACTIF;ETI
C000068;ETB001;DECOUVERT;CREDIT;2018-02-06;2040-07-25;223293.49;44581.38;EUR;VARIABLE;;240;T000043;ACTIF;PARTICULIER
C000069;ETB001;CREDIT_BAIL;CREDIT;2022-03-26;2024-11-10;211457.41;84046.93;EUR;REVISABLE;;60;T000061;ACTIF;ETI
C000070;ETB001;PEL;EPARGNE;2017-08-08;;157691.18;;EUR;;;;T000092;ACTIF;PARTICULIER
C000071;ETB001;PEL;EPARGNE;2020-09-02;;176892.71;;EUR;;;;T000287;ACTIF;
C000072;ETB001;CAT;DEPOT;2021-09-01;;140997.3;;EUR;;;;T000115;ACTIF;PARTICULIER
C000073;ETB001;LIVRET_A;EPARGNE;2023-04-17;;253610.88;;EUR;;;;T000242;ACTIF;PME
C000074;ETB001;CREDIT_BAIL;CREDIT;2016-04-09;2026-08-12;12509.51;3987.3;EUR;VARIABLE;;300;T000347;ACTIF;PME
C000075;ETB001;PRET_CONSO;CREDIT;2018-10-31;2033-11-30;316066.59;191725.04;EUR;VARIABLE;;240;T000494;ACTIF;
C000076;ETB001;PRET_CONSO;CREDIT;2021-04-07;2030-08-01;318073.83;76894.89;EUR;REVISABLE;;300;T000443;CLOTURE;PME
C000077;ETB001;PRET_IMMO;CREDIT;2016-10-24;2035-03-20;335654.91;117801.02;EUR;REVISABLE;;180;T000241;ACTIF;PME
C000078;ETB001;PRET_IMMO;CREDIT;2023-01-13;2025-05-19;261348.63;44549.03;EUR;FIXE;2.2826;300;T000291;CLOTURE;ETI
C000079;ETB001;LIVRET_A;EPARGNE;2019-05-06;;427080.95;;EUR;;;;T000288;ACTIF;PME
C000080;ETB001;CAT;DEPOT;2022-12-17;;92695.56;;EUR;;;;T000028;ACTIF;
C000081;ETB001;DECOUVERT;CREDIT;2023-03-17;2038-09-03;483521.03;215426.44;EUR;FIXE;4.963;180;T000081;ACTIF;PARTICULIER
C000082;ETB001;DAV;DEPOT;2019-10-02;;320019.95;;EUR;;;;T000365;CONTENTIEUX;
C000083;ETB001;PEL;EPARGNE;2016-05-01;;86322.51;;EUR;;;;T000043;CLOTURE;
C000084;ETB001;PRET_CONSO;CREDIT;2017-07-05;2038-02-02;315154.37;69416.89;EUR;FIXE;4.9328;60;T000031;ACTIF;PME
C000085;ETB001;PEL;EPARGNE;2016-08-03;;453198.04;;EUR;;;;T000131;ACTIF;PARTICULIER
C000086;ETB001;PRET_CONSO;CREDIT;2016-12-23;2037-07-24;171469.36;123658.97;EUR;REVISABLE;;300;T000360;ACTIF;PME
C000087;ETB001;DAV;DEPOT;2022-04-02;;168348.76;;EUR;;;;T000142;ACTIF;PARTICULIER
C000088;ETB001;CAT;DEPOT;2019-09-23;;125500.04;;EUR;;;;T000487;CLOTURE;PARTICULIER
C000089;ETB001;CREDIT_BAIL;CREDIT;2018-04-26;2038-08-14;86094.62;48523.61;EUR;FIXE;4.8784;240;T000283;ACTIF;ETI
C000090;ETB001;DECOUVERT;CREDIT;2023-10-16;2030-04-14;222047.42;184694.11;EUR;VARIABLE;;180;T000026;CONTENTIEUX;
C000091;ETB001;DAV;DEPOT;2015-04-12;;101373.9;;EUR;;;;T000373;ACTIF;PME
C000092;ETB001;PRET_CONSO;CREDIT;2022-08-04;2035-05-11;221716.02;124461.57;EUR;FIXE;2.7845;120;T000254;ACTIF;
C000093;ETB001;CAT;DEPOT;2017-10-20;;104010.4;;EUR;;;;T000089;CONTENTIEUX;ETI
C000094;ETB001;PRET_CONSO;CREDIT;2015-09-07;2028-09-07;400284.26;69381.09;EUR;REVISABLE;;300;T000425;CONTENTIEUX;PME
C000095;ETB001;DAV;DEPOT;2020-07-12;;367680.79;;EUR;;;;T000337;CONTENTIEUX;
C000096;ETB001;DECOUVERT;CREDIT;2015-07-13;2040-01-26;6832.33;2583.36;EUR;VARIABLE;;300;T000180;ACTIF;PME
C000097;ETB001;LIVRET_A;EPARGNE;2019-11-10;;94591.66;;EUR;;;;T000363;CLOTURE;ETI
C000098;ETB001;PEL;EPARGNE;2023-04-14;;18756.15;;EUR;;;;T000017;ACTIF;
C000099;ETB001;PRET_CONSO;CREDIT;2022-10-21;2032-02-23;159961.0;17905.17;EUR;REVISABLE;;120;T000370;ACTIF;PARTICULIER
C000100;ETB001;DECOUVERT;CREDIT;2019-03-11;2027-11-03;44890.92;7623.97;EUR;FIXE;0.7359;240;T000030;ACTIF;PME
C000101;ETB001;DAV;DEPOT;2022-08-19;;465033.98;;EUR;;;;T000103;ACTIF;PME
C000102;ETB001;PEL;EPARGNE;2022-12-09;;340880.79;;EUR;;;;T000267;CONTENTIEUX;ETI
C000103;ETB001;DAV;DEPOT;2018-11-21;;102551.62;;EUR;;;;T000012;ACTIF;PARTICULIER
C000104;ETB001;LIVRET_A;EPARGNE;2019-04-09;;463237.8;;EUR;;;;T000032;CLOTURE;
C000105;ETB001;PEL;EPARGNE;2016-07-15;;276936.8;;EUR;;;;T000104;ACTIF;
C000106;ETB001;PRET_IMMO;CREDIT;2016-05-16;2034-08-06;498086.11;52233.58;EUR;REVISABLE;;180;T000041;ACTIF;ETI
C000107;ETB001;PRET_CONSO;CREDIT;2017-07-02;2032-12-30;440451.26;105747.18;EUR;FIXE;1.9128;300;T000317;CLOTURE;PME
C000108;ETB001;CREDIT_BAIL;CREDIT;2016-04-19;2033-04-14;482026.39;257620.59;EUR;VARIABLE;;300;T000166;ACTIF;PME
C000109;ETB001;CAT;DEPOT;2023-05-30;;189294.46;;EUR;;;;T000222;CLOTURE;
C000110;ETB001;DECOUVERT;CREDIT;2015-02-26;2035-05-05;369620.72;240230.46;EUR;VARIABLE;;120;T000076;CONTENTIEUX;
C000111;ETB001;DAV;DEPOT;2022-09-08;;350348.75;;EUR;;;;T000191;ACTIF;PARTICULIER
C000112;ETB001;LIVRET_A;EPARGNE;2021-08-05;;22227.22;;EUR;;;;T000353;ACTIF;
C000113;ETB001;DAV;DEPOT;2022-11-03;;475754.0;;EUR;;;;T000369;ACTIF;
C000114;ETB001;PEL;EPARGNE;2021-04-25;;400572.29;;EUR;;;;T000009;CLOTURE;ETI
C000115;ETB001;LIVRET_A;EPARGNE;2017-06-22;;213045.77;;EUR;;;;T000177;CONTENTIEUX;PARTICULIER
C000116;ETB001;DECOUVERT;CREDIT;2017-04-02;2037-02-28;204496.42;167598.14;EUR;REVISABLE;;180;T000278;CLOTURE;PME
C000117;ETB001;CREDIT_BAIL;CREDIT;2022-11-29;2029-03-13;319243.59;281234.06;EUR;FIXE;4.3186;180;T000028;ACTIF;
C000118;ETB001;DECOUVERT;CREDIT;2023-10-17;2026-04-03;82744.25;23733.21;EUR;FIXE;3.4037;180;T000343;ACTIF;
C000119;ETB001;LIVRET_A;EPARGNE;2017-06-26;;55341.06;;EUR;;;;T000226;CONTENTIEUX;PME
C000120;ETB001;CREDIT_BAIL;CREDIT;2020-06-30;2027-09-10;149947.06;69704.79;EUR;FIXE;4.0488;60;T000235;ACTIF;
C000121;ETB001;PRET_CONSO;CREDIT;2022-09-23;2029-05-06;4297.87;1815.82;EUR;REVISABLE;;180;T000239;ACTIF;ETI
C000122;ETB001;CAT;DEPOT;2017-09-26;;128966.55;;EUR;;;;T000184;CLOTURE;PME
C000123;ETB001;DECOUVERT;CREDIT;2016-04-27;2034-12-14;161495.65;55775.83;EUR;VARIABLE;;120;T000263;ACTIF;ETI
C000124;ETB001;CREDIT_BAIL;CREDIT;2022-06-20;2027-05-02;225129.16;90160.0;EUR;VARIABLE;;120;T000236;ACTIF;
C000125;ETB001;PEL;EPARGNE;2019-05-12;;370166.61;;EUR;;;;T000404;ACTIF;ETI
C000126;ETB001;DECOUVERT;CREDIT;2016-12-21;2024-02-28;484842.94;198924.74;EUR;FIXE;0.9759;180;T000251;ACTIF;PME
C000127;ETB001;CREDIT_BAIL;CREDIT;2022-09-20;2025-12-23;332352.86;289045.05;EUR;FIXE;2.05;120;T000300;ACTIF;PME
C000128;ETB001;PRET_IMMO;CREDIT;2020-01-14;2025-12-20;263212.85;178798.7;EUR;FIXE;4.1022;300;T000447;ACTIF;
C000129;ETB001;CAT;DEPOT;2019-12-14;;186091.77;;EUR;;;;T000429;CLOTURE;PARTICULIER
C000130;ETB001;CAT;DEPOT;2018-11-23;;314924.36;;EUR;;;;T000351;ACTIF;PARTICULIER
C000131;ETB001;DAV;DEPOT;2022-01-18;;21874.35;;EUR;;;;T000174;CONTENTIEUX;PME
C000132;ETB001;LIVRET_A;EPARGNE;2021-05-12;;366008.16;;EUR;;;;T000117;ACTIF;PME
C000133;ETB001;LIVRET_A;EPARGNE;2020-12-03;;328091.96;;EUR;;;;T000325;ACTIF;ETI
C000134;ETB001;LIVRET_A;EPARGNE;2023-05-01;;305261.7;;EUR;;;;T000151;CLOTURE;PARTICULIER
C000135;ETB001;LIVRET_A;EPARGNE;2018-11-23;;275004.83;;EUR;;;;T000306;CLOTURE;ETI
C000136;ETB001;LIVRET_A;EPARGNE;2021-11-25;;14919.79;;EUR;;;;T000129;CONTENTIEUX;
C000137;ETB001;DAV;DEPOT;2020-05-04;;446114.25;;EUR;;;;T000308;ACTIF;PARTICULIER
C000138;ETB001;CREDIT_BAIL;CREDIT;2018-10-24;2029-09-18;369510.94;164709.21;EUR;REVISABLE;;120;T000007;ACTIF;ETI
C000139;ETB001;PRET_IMMO;CREDIT;2015-09-05;2025-07-13;379880.48;313883.83;EUR;VARIABLE;;240;T000461;ACTIF;
C000140;ETB001;PEL;EPARGNE;2018-04-01;;444550.24;;EUR;;;;T000457;CLOTURE;PARTICULIER
C000141;ETB001;DAV;DEPOT;2020-10-27;;463611.98;;EUR;;;;T000416;ACTIF;PARTICULIER
C000142;ETB001;CREDIT_BAIL;CREDIT;2023-11-15;2028-03-26;463953.13;330003.14;EUR;REVISABLE;;300;T000385;ACTIF;PARTICULIER
C000143;ETB001;PRET_CONSO;CREDIT;2018-03-21;2031-03-24;161136.26;45734.5;EUR;VARIABLE;;180;T000223;ACTIF;
C000144;ETB001;CREDIT_BAIL;CREDIT;2020-08-12;2028-08-16;17925.13;12270.13;EUR;FIXE;0.6401;120;T000230;ACTIF;PARTICULIER
C000145;ETB001;PEL;EPARGNE;2020-08-21;;9606.62;;EUR;;;;T000346;CLOTURE;
C000146;ETB001;PRET_IMMO;CREDIT;2016-01-20;2039-08-06;93931.37;36509.39;EUR;REVISABLE;;300;T000075;ACTIF;PME
C000147;ETB001;DECOUVERT;CREDIT;2020-09-26;2030-06-10;483529.24;138377.88;EUR;FIXE;1.1664;180;T000195;ACTIF;ETI
C000148;ETB001;DECOUVERT;CREDIT;2015-04-08;2036-09-24;69283.34;20599.18;EUR;FIXE;3.8999;300;T000313;CLOTURE;ETI
C000149;ETB001;CAT;DEPOT;2023-05-21;;336168.4;;EUR;;;;T000133;ACTIF;PME
C000150;ETB001;PEL;EPARGNE;2017-04-29;;254144.46;;EUR;;;;T000259;ACTIF;PME
C000151;ETB001;PRET_IMMO;CREDIT;2019-10-06;2029-11-06;331726.18;236388.5;EUR;FIXE;1.6478;180;T000061;CLOTURE;
C000152;ETB001;CAT;DEPOT;2015-06-30;;302438.9;;EUR;;;;T000069;ACTIF;PARTICULIER
C000153;ETB001;PRET_CONSO;CREDIT;2016-03-20;2030-02-14;329706.79;215643.45;EUR;FIXE;4.7934;180;T000236;ACTIF;
C000154;ETB001;DECOUVERT;CREDIT;2018-11-10;2029-04-14;266866.25;234480.52;EUR;VARIABLE;;240;T000068;CLOTURE;PARTICULIER
C000155;ETB001;DECOUVERT;CREDIT;2023-03-19;2033-08-11;387957.79;330600.75;EUR;REVISABLE;;60;T000416;ACTIF;PME
C000156;ETB001;PRET_IMMO;CREDIT;2017-02-16;2029-01-02;432538.46;234912.8;EUR;VARIABLE;;60;T000101;CLOTURE;
C000157;ETB001;PEL;EPARGNE;2016-10-30;;259506.12;;EUR;;;;T000366;CLOTURE;PARTICULIER
C000158;ETB001;CREDIT_BAIL;CREDIT;2021-09-10;2030-03-28;448480.7;235907.76;EUR;FIXE;2.7551;240;T000153;ACTIF;PARTICULIER
C000159;ETB001;PRET_IMMO;CREDIT;2020-02-29;2031-03-01;309489.33;207417.55;EUR;REVISABLE;;60;T000316;CONTENTIEUX;PARTICULIER
C000160;ETB001;CAT;DEPOT;2021-08-28;;466950.19;;EUR;;;;T000266;CLOTURE;PME
C000161;ETB001;PRET_IMMO;CREDIT;2015-05-15;2037-03-27;33941.27;28289.44;EUR;FIXE;3.1161;300;T000208;CONTENTIEUX;PME
C000162;ETB001;PRET_IMMO;CREDIT;2015-01-25;2024-03-30;41808.53;24675.64;EUR;VARIABLE;;240;T000386;ACTIF;PME
C000163;ETB001;PRET_IMMO;CREDIT;2015-08-10;2029-08-07;33439.29;4527.98;EUR;VARIABLE;;120;T000425;ACTIF;
C000164;ETB001;PRET_IMMO;CREDIT;2016-07-22;2039-11-07;345336.09;51219.56;EUR;FIXE;2.4432;300;T000236;ACTIF;PME
C000165;ETB001;CAT;DEPOT;2016-02-06;;496687.39;;EUR;;;;T000199;CLOTURE;PARTICULIER
C000166;ETB001;LIVRET_A;EPARGNE;2020-12-31;;133180.82;;EUR;;;;T000274;ACTIF;
C000167;ETB001;DECOUVERT;CREDIT;2021-02-05;2026-03-16;33192.86;6949.43;EUR;VARIABLE;;300;T000336;ACTIF;PME
C000168;ETB001;PEL;EPARGNE;2022-09-09;;37423.42;;EUR;;;;T000413;ACTIF;ETI
C000169;ETB001;DAV;DEPOT;2017-06-07;;347398.93;;EUR;;;;T000415;CLOTURE;
C000170;ETB001;PRET_CONSO;CREDIT;2023-08-20;2033-11-08;440734.11;218419.12;EUR;FIXE;4.4854;300;T000145;CLOTURE;PME
C000171;ETB001;DAV;DEPOT;2019-07-03;;111081.2;;EUR;;;;T000378;CONTENTIEUX;PARTICULIER
C000172;ETB001;CREDIT_BAIL;CREDIT;2021-05-13;2032-11-17;215588.16;192406.35;EUR;FIXE;4.0004;60;T000187;ACTIF;ETI
C000173;ETB001;PRET_IMMO;CREDIT;2022-07-30;2039-03-17;133921.71;27403.2;EUR;FIXE;3.1608;300;T000034;CONTENTIEUX;ETI
C000174;ETB001;PRET_CONSO;CREDIT;2019-06-28;2027-01-23;355262.76;266429.56;EUR;REVISABLE;;240;T000274;CLOTURE;PME
C000175;ETB001;CREDIT_BAIL;CREDIT;2021-12-08;2033-02-12;413282.15;281578.12;EUR;REVISABLE;;300;T000032;ACTIF;PARTICULIER
C000176;ETB001;CAT;DEPOT;2023-07-30;;374714.89;;EUR;;;;T000265;ACTIF;PARTICULIER
C000177;ETB001;CREDIT_BAIL;CREDIT;2022-04-05;2038-07-29;455473.64;270320.32;EUR;FIXE;1.0155;60;T000025;ACTIF;PARTICULIER
C000178;ETB001;PRET_IMMO;CREDIT;2021-01-01;2034-06-07;302670.98;106335.4;EUR;VARIABLE;;180;T000391;ACTIF;ETI
C000179;ETB001;DAV;DEPOT;2023-10-25;;209394.97;;EUR;;;;T000440;ACTIF;PARTICULIER
C000180;ETB001;PEL;EPARGNE;2016-01-25;;496784.01;;EUR;;;;T000249;ACTIF;ETI
C000181;ETB001;LIVRET_A;EPARGNE;2023-04-16;;474792.32;;EUR;;;;T000488;CLOTURE;PME
C000182;ETB001;CAT;DEPOT;2023-04-19;;296529.38;;EUR;;;;T000168;ACTIF;PARTICULIER
C000183;ETB001;PRET_CONSO;CREDIT;2020-07-25;2031-02-01;250256.16;87468.61;EUR;REVISABLE;;60;T000025;ACTIF;
C000184;ETB001;CAT;DEPOT;2021-05-12;;149962.51;;EUR;;;;T000427;ACTIF;ETI
C000185;ETB001;PRET_IMMO;CREDIT;2017-11-16;2026-03-30;150709.85;82592.12;EUR;REVISABLE;;120;T000204;CONTENTIEUX;ETI
C000186;ETB001;PEL;EPARGNE;2021-08-27;;393556.23;;EUR;;;;T000128;ACTIF;PME
C000187;ETB001;DECOUVERT;CREDIT;2016-10-28;2024-01-07;437095.52;209669.02;EUR;REVISABLE;;60;T000316;CONTENTIEUX;ETI
C000188;ETB001;PRET_IMMO;CREDIT;2019-07-02;2026-09-09;281621.31;43957.05;EUR;FIXE;1.3944;240;T000307;CONTENTIEUX;
C000189;ETB001;CREDIT_BAIL;CREDIT;2015-01-20;2025-06-24;330570.89;130039.27;EUR;FIXE;4.2696;120;T000071;ACTIF;PARTICULIER
C000190;ETB001;LIVRET_A;EPARGNE;2021-12-26;;339789.04;;EUR;;;;T000389;ACTIF;
C000191;ETB001;CREDIT_BAIL;CREDIT;2018-01-23;2038-12-03;492254.04;77250.46;EUR;REVISABLE;;180;T000327;ACTIF;PME
C000192;ETB001;PEL;EPARGNE;2015-08-18;;8357.55;;EUR;;;;T000004;ACTIF;ETI
C000193;ETB001;PEL;EPARGNE;2020-04-23;;350399.59;;EUR;;;;T000342;ACTIF;PARTICULIER
C000194;ETB001;PRET_IMMO;CREDIT;2020-05-27;2039-11-14;293227.26;200090.68;EUR;VARIABLE;;60;T000141;CLOTURE;PARTICULIER
C000195;ETB001;CREDIT_BAIL;CREDIT;2015-10-14;2028-08-03;199426.96;172692.61;EUR;REVISABLE;;60;T000227;ACTIF;PME
C000196;ETB001;PRET_IMMO;CREDIT;2017-03-13;2039-12-12;211095.58;153272.02;EUR;FIXE;4.4286;240;T000197;CONTENTIEUX;PARTICULIER
C000197;ETB001;PRET_IMMO;CREDIT;2015-04-28;2039-05-19;226837.75;194880.52;EUR;VARIABLE;;300;T000148;ACTIF;PARTICULIER
C000198;ETB001;PRET_CONSO;CREDIT;2023-10-16;2039-12-16;241210.08;106734.21;EUR;VARIABLE;;60;T000096;ACTIF;PME
C000199;ETB001;CAT;DEPOT;2023-09-15;;138896.29;;EUR;;;;T000144;ACTIF;PARTICULIER
C000200;ETB001;CAT;DEPOT;2019-08-17;;154135.94;;EUR;;;;T000009;CLOTURE;ETI
C000201;ETB001;DECOUVERT;CREDIT;2018-08-07;2029-10-08;447181.02;287972.87;EUR;VARIABLE;;240;T000184;ACTIF;PME
C000202;ETB001;CAT;DEPOT;2019-08-29;;302620.39;;EUR;;;;T000419;ACTIF;PME
C000203;ETB001;DECOUVERT;CREDIT;2015-02-26;2033-03-29;119574.6;95861.96;EUR;VARIABLE;;180;T000299;ACTIF;
C000204;ETB001;DECOUVERT;CREDIT;2015-06-09;2026-07-28;437255.98;100693.14;EUR;REVISABLE;;120;T000167;ACTIF;PARTICULIER
C000205;ETB001;DAV;DEPOT;2017-10-26;;189321.8;;EUR;;;;T000483;ACTIF;PME
C000206;ETB001;PRET_IMMO;CREDIT;2015-01-31;2034-04-29;198930.01;57604.03;EUR;VARIABLE;;120;T000477;ACTIF;PME
C000207;ETB001;LIVRET_A;EPARGNE;2018-02-09;;485903.05;;EUR;;;;T000415;CLOTURE;PME
C000208;ETB001;DECOUVERT;CREDIT;2016-08-13;2031-01-06;200878.37;119850.78;EUR;FIXE;2.5363;300;T000336;ACTIF;
C000209;ETB001;LIVRET_A;EPARGNE;2021-09-11;;196071.69;;EUR;;;;T000407;CONTENTIEUX;PME
C000210;ETB001;PRET_IMMO;CREDIT;2020-09-16;2028-09-18;78690.7;51616.48;EUR;FIXE;3.7129;240;T000140;ACTIF;PARTICULIER
C000211;ETB001;CREDIT_BAIL;CREDIT;2015-04-08;2024-07-17;171232.76;58533.07;EUR;REVISABLE;;180;T000225;ACTIF;
C000212;ETB001;PRET_CONSO;CREDIT;2018-11-26;2032-02-14;274039.5;79309.25;EUR;REVISABLE;;300;T000233;CONTENTIEUX;
C000213;ETB001;DAV;DEPOT;2016-08-23;;254865.35;;EUR;;;;T000452;ACTIF;ETI
C000214;ETB001;PRET_IMMO;CREDIT;2015-08-05;2034-07-30;42237.15;5549.51;EUR;VARIABLE;;120;T000324;CONTENTIEUX;PME
C000215;ETB001;DAV;DEPOT;2018-03-12;;441666.16;;EUR;;;;T000023;ACTIF;PME
C000216;ETB001;DAV;DEPOT;2023-06-29;;143194.19;;EUR;;;;T000231;CLOTURE;
C000217;ETB001;CAT;DEPOT;2019-09-17;;244470.56;;EUR;;;;T000147;CLOTURE;PARTICULIER
C000218;ETB001;PRET_IMMO;CREDIT;2017-12-30;2030-05-09;65446.57;34751.01;EUR;FIXE;3.2503;120;T000319;ACTIF;PARTICULIER
C000219;ETB001;DECOUVERT;CREDIT;2022-11-08;2034-11-18;239246.74;131532.09;EUR;FIXE;0.8454;240;T000110;ACTIF;PME
C000220;ETB001;DAV;DEPOT;2023-10-13;;332848.43;;EUR;;;;T000077;CLOTURE;PME
C000221;ETB001;PRET_IMMO;CREDIT;2017-05-26;2035-12-02;355494.43;316270.32;EUR;FIXE;1.8027;300;T000192;ACTIF;ETI
C000222;ETB001;DECOUVERT;CREDIT;2021-08-02;2037-01-23;170776.26;83757.96;EUR;FIXE;1.4433;180;T000423;ACTIF;
C000223;ETB001;DAV;DEPOT;2022-05-15;;309983.31;;EUR;;;;T000341;ACTIF;PARTICULIER
C000224;ETB001;DAV;DEPOT;2018-12-09;;340076.97;;EUR;;;;T000419;ACTIF;
C000225;ETB001;CREDIT_BAIL;CREDIT;2016-04-09;2026-10-26;333862.81;283713.76;EUR;VARIABLE;;60;T000126;ACTIF;
C000226;ETB001;PRET_CONSO;CREDIT;2018-03-30;2036-07-13;190277.27;73656.9;EUR;VARIABLE;;180;T000001;ACTIF;PME
C000227;ETB001;PEL;EPARGNE;2015-02-06;;212408.13;;EUR;;;;T000172;ACTIF;ETI
C000228;ETB001;DECOUVERT;CREDIT;2021-06-09;2032-01-06;333208.42;264788.35;EUR;VARIABLE;;300;T000081;CONTENTIEUX;PME
C000229;ETB001;DAV;DEPOT;2020-12-06;;443188.97;;EUR;;;;T000383;CONTENTIEUX;PARTICULIER
C000230;ETB001;LIVRET_A;EPARGNE;2019-04-22;;176048.36;;EUR;;;;T000395;ACTIF;
C000231;ETB001;CAT;DEPOT;2015-05-08;;96071.6;;EUR;;;;T000334;ACTIF;PARTICULIER
C000232;ETB001;PEL;EPARGNE;2021-08-15;;476069.89;;EUR;;;;T000419;CONTENTIEUX;PARTICULIER
C000233;ETB001;LIVRET_A;EPARGNE;2019-09-10;;418092.66;;EUR;;;;T000213;ACTIF;
C000234;ETB001;DECOUVERT;CREDIT;2023-05-10;2025-12-24;55046.68;40871.52;EUR;REVISABLE;;240;T000364;ACTIF;ETI
C000235;ETB001;CAT;DEPOT;2021-05-19;;399049.85;;EUR;;;;T000226;CLOTURE;PME
C000236;ETB001;LIVRET_A;EPARGNE;2022-08-04;;230304.76;;EUR;;;;T000150;CONTENTIEUX;PARTICULIER
C000237;ETB001;PRET_IMMO;CREDIT;2017-01-28;2037-10-14;468385.8;251363.61;EUR;REVISABLE;;180;T000316;ACTIF;
C000238;ETB001;LIVRET_A;EPARGNE;2016-08-02;;146171.41;;EUR;;;;T000195;ACTIF;
C000239;ETB001;PRET_IMMO;CREDIT;2017-12-09;2026-10-24;237516.32;178065.37;EUR;VARIABLE;;120;T000395;CONTENTIEUX;PARTICULIER
C000240;ETB001;PRET_IMMO;CREDIT;2015-12-14;2037-10-20;113143.58;18739.93;EUR;FIXE;2.3862;180;T000192;ACTIF;
C000241;ETB001;DAV;DEPOT;2022-03-27;;142538.95;;EUR;;;;T000304;ACTIF;ETI
C000242;ETB001;DAV;DEPOT;2022-08-26;;129230.54;;EUR;;;;T000465;CONTENTIEUX;PME
C000243;ETB001;CREDIT_BAIL;CREDIT;2023-12-20;2037-08-14;394983.68;268479.73;EUR;VARIABLE;;120;T000395;ACTIF;PME
C000244;ETB001;PEL;EPARGNE;2021-08-24;;200367.39;;EUR;;;;T000454;CONTENTIEUX;PME
C000245;ETB001;PRET_IMMO;CREDIT;2015-12-14;2028-05-25;421846.25;61308.9;EUR;REVISABLE;;180;T000058;CONTENTIEUX;
C000246;ETB001;PRET_CONSO;CREDIT;2018-02-22;2029-05-27;459337.89;289148.97;EUR;REVISABLE;;300;T000280;ACTIF;
C000247;ETB001;DECOUVERT;CREDIT;2021-05-11;2040-05-14;18632.75;7873.23;EUR;FIXE;4.4313;240;T000124;CLOTURE;PME
C000248;ETB001;PRET_IMMO;CREDIT;2022-07-04;2031-12-27;413359.56;147310.38;EUR;VARIABLE;;120;T000002;ACTIF;
C000249;ETB001;CAT;DEPOT;2015-09-16;;18303.01;;EUR;;;;T000473;ACTIF;PARTICULIER
C000250;ETB001;LIVRET_A;EPARGNE;2016-04-03;;316929.81;;EUR;;;;T000465;ACTIF;PARTICULIER
C000251;ETB001;CAT;DEPOT;2021-04-26;;403556.61;;EUR;;;;T000260;ACTIF;PARTICULIER
C000252;ETB001;CAT;DEPOT;2016-07-06;;377024.87;;EUR;;;;T000020;ACTIF;PME
C000253;ETB001;DECOUVERT;CREDIT;2019-07-18;2030-09-23;404351.1;70586.86;EUR;FIXE;0.9021;240;T000032;ACTIF;PME
C000254;ETB001;DECOUVERT;CREDIT;2017-09-04;2031-06-12;137128.35;58280.55;EUR;VARIABLE;;60;T000419;ACTIF;PME
C000255;ETB001;DAV;DEPOT;2018-02-04;;164859.14;;EUR;;;;T000170;ACTIF;
C000256;ETB001;PEL;EPARGNE;2019-07-23;;214973.02;;EUR;;;;T000129;ACTIF;PARTICULIER
C000257;ETB001;PRET_IMMO;CREDIT;2016-11-24;2030-07-19;61314.31;27596.23;EUR;VARIABLE;;240;T000243;ACTIF;PME
C000258;ETB001;DAV;DEPOT;2021-09-29;;447625.13;;EUR;;;;T000160;CLOTURE;
C000259;ETB001;PEL;EPARGNE;2018-04-27;;445630.7;;EUR;;;;T000226;CONTENTIEUX;PARTICULIER
C000260;ETB001;DAV;DEPOT;2020-12-22;;214679.77;;EUR;;;;T000084;CONTENTIEUX;ETI
C000261;ETB001;CAT;DEPOT;2015-12-07;;72370.88;;EUR;;;;T000278;ACTIF;PME
C000262;ETB001;DECOUVERT;CREDIT;2019-12-08;2040-10-04;388017.82;164015.81;EUR;VARIABLE;;180;T000238;CONTENTIEUX;PARTICULIER
C000263;ETB001;PRET_CONSO;CREDIT;2019-03-26;2031-11-28;175077.82;18424.51;EUR;FIXE;2.0798;300;T000122;ACTIF;ETI
C000264;ETB001;PEL;EPARGNE;2021-05-24;;24204.74;;EUR;;;;T000314;CONTENTIEUX;PARTICULIER
C000265;ETB001;CREDIT_BAIL;CREDIT;2016-12-05;2026-06-02;87603.69;76924.65;EUR;VARIABLE;;180;T000488;ACTIF;
C000266;ETB001;DAV;DEPOT;2022-11-05;;55933.35;;EUR;;;;T000045;ACTIF;PARTICULIER
C000267;ETB001;CAT;DEPOT;2022-03-18;;32801.17;;EUR;;;;T000188;ACTIF;PME
C000268;ETB001;CAT;DEPOT;2015-10-29;;390986.41;;EUR;;;;T000151;ACTIF;
C000269;ETB001;CREDIT_BAIL;CREDIT;2022-02-16;2029-09-22;160875.19;124831.21;EUR;REVISABLE;;60;T000037;CONTENTIEUX;PARTICULIER
C000270;ETB001;LIVRET_A;EPARGNE;2019-12-26;;356128.35;;EUR;;;;T000425;CONTENTIEUX;PARTICULIER
C000271;ETB001;PEL;EPARGNE;2018-08-14;;156556.03;;EUR;;;;T000342;CONTENTIEUX;
C000272;ETB001;PRET_CONSO;CREDIT;2019-07-02;2038-11-21;402538.64;128916.64;EUR;FIXE;2.6751;240;T000144;CLOTURE;
C000273;ETB001;PEL;EPARGNE;2016-04-26;;141064.78;;EUR;;;;T000108;ACTIF;PME
C000274;ETB001;PRET_IMMO;CREDIT;2019-01-31;2032-09-21;445414.18;289430.97;EUR;FIXE;0.7908;120;T000154;ACTIF;PME
C000275;ETB001;PEL;EPARGNE;2015-03-25;;79149.15;;EUR;;;;T000471;CONTENTIEUX;PARTICULIER
C000276;ETB001;LIVRET_A;EPARGNE;2016-03-18;;59894.89;;EUR;;;;T000003;CONTENTIEUX;PARTICULIER
C000277;ETB001;CAT;DEPOT;2022-03-05;;313015.16;;EUR;;;;T000386;CLOTURE;
C000278;ETB001;DAV;DEPOT;2015-11-29;;314601.52;;EUR;;;;T000051;ACTIF;ETI
C000279;ETB001;CAT;DEPOT;2018-01-01;;451212.35;;EUR;;;;T000395;ACTIF;PME
C000280;ETB001;PRET_CONSO;CREDIT;2016-10-01;2026-10-21;143028.15;119775.15;EUR;FIXE;3.0646;300;T000132;CONTENTIEUX;PARTICULIER
C000281;ETB001;PEL;EPARGNE;2016-06-11;;22038.91;;EUR;;;;T000078;ACTIF;
C000282;ETB001;PRET_IMMO;CREDIT;2016-02-05;2032-06-02;370951.4;129831.1;EUR;REVISABLE;;240;T000144;CONTENTIEUX;PME
C000283;ETB001;DAV;DEPOT;2017-04-11;;440912.34;;EUR;;;;T000160;CLOTURE;PME
C000284;ETB001;LIVRET_A;EPARGNE;2023-08-07;;429682.97;;EUR;;;;T000467;CLOTURE;ETI
C000285;ETB001;PEL;EPARGNE;2017-11-13;;342435.82;;EUR;;;;T000198;ACTIF;PARTICULIER
C000286;ETB001;DAV;DEPOT;2015-11-13;;424181.23;;EUR;;;;T000417;ACTIF;
C000287;ETB001;DAV;DEPOT;2017-01-24;;390230.98;;EUR;;;;T000467;ACTIF;
C000288;ETB001;CAT;DEPOT;2018-04-30;;234109.74;;EUR;;;;T000378;ACTIF;ETI
C000289;ETB001;PRET_CONSO;CREDIT;2020-07-31;2032-02-24;476127.53;357793.13;EUR;VARIABLE;;300;T000159;CONTENTIEUX;
C000290;ETB001;CREDIT_BAIL;CREDIT;2018-08-06;2030-07-29;105339.83;26586.95;EUR;VARIABLE;;180;T000261;CONTENTIEUX;
C000291;ETB001;PRET_CONSO;CREDIT;2021-03-31;2038-12-16;136072.28;18047.1;EUR;FIXE;2.6782;120;T000362;ACTIF;PME
C000292;ETB001;CAT;DEPOT;2022-05-13;;78944.1;;EUR;;;;T000470;ACTIF;PME
C000293;ETB001;CREDIT_BAIL;CREDIT;2015-03-30;2030-04-23;22731.06;9792.52;EUR;VARIABLE;;60;T000029;ACTIF;PME
C000294;ETB001;PRET_CONSO;CREDIT;2023-06-14;2028-12-22;68747.09;36433.54;EUR;REVISABLE;;180;T000224;ACTIF;
C000295;ETB001;PRET_CONSO;CREDIT;2017-01-12;2024-05-14;444136.75;315842.96;EUR;FIXE;1.2454;180;T000351;CONTENTIEUX;PARTICULIER
C000296;ETB001;DAV;DEPOT;2022-05-02;;68866.51;;EUR;;;;T000435;ACTIF;ETI
C000297;ETB001;DECOUVERT;CREDIT;2016-05-01;2032-09-05;301805.57;52520.11;EUR;REVISABLE;;120;T000028;ACTIF;PME
C000298;ETB001;PRET_IMMO;CREDIT;2020-02-29;2034-08-14;257384.77;89311.05;EUR;FIXE;3.034;120;T000009;ACTIF;ETI
C000299;ETB001;LIVRET_A;EPARGNE;2015-01-05;;469878.59;;EUR;;;;T000155;CLOTURE;ETI
C000300;ETB001;PEL;EPARGNE;2017-12-18;;184715.0;;EUR;;;;T000421;ACTIF;PARTICULIER
C000301;ETB001;PRET_CONSO;CREDIT;2017-08-20;2040-06-16;142246.22;39421.39;EUR;REVISABLE;;60;T000159;CONTENTIEUX;PARTICULIER
C000302;ETB001;PRET_CONSO;CREDIT;2020-12-14;2037-03-08;45977.92;7132.96;EUR;FIXE;2.2307;300;T000445;CLOTURE;PME
C000303;ETB001;PRET_CONSO;CREDIT;2019-11-19;2033-02-07;426212.96;258933.62;EUR;VARIABLE;;300;T000489;ACTIF;
C000304;ETB001;DAV;DEPOT;2015-11-22;;279252.95;;EUR;;;;T000208;ACTIF;ETI
C000305;ETB001;PRET_IMMO;CREDIT;2017-08-30;2027-07-11;148053.94;76470.06;EUR;REVISABLE;;180;T000329;CLOTURE;PME
C000306;ETB001;CREDIT_BAIL;CREDIT;2016-03-29;2032-07-03;420405.05;183411.95;EUR;REVISABLE;;180;T000218;ACTIF;PARTICULIER
C000307;ETB001;PEL;EPARGNE;2023-01-19;;346255.61;;EUR;;;;T000041;CLOTURE;PME
C000308;ETB001;CREDIT_BAIL;CREDIT;2023-02-23;2037-12-31;292573.59;262488.17;EUR;VARIABLE;;180;T000101;ACTIF;PME
C000309;ETB001;PRET_CONSO;CREDIT;2019-02-26;2040-09-09;136465.33;50697.57;EUR;FIXE;4.7838;180;T000117;ACTIF;PARTICULIER
C000310;ETB001;PRET_CONSO;CREDIT;2023-05-09;2031-11-25;463401.43;117278.15;EUR;FIXE;1.131;240;T000257;CONTENTIEUX;ETI
C000311;ETB001;PRET_IMMO;CREDIT;2020-05-01;2033-07-24;351291.44;197639.61;EUR;FIXE;3.7805;240;T000483;CLOTURE;PME
C000312;ETB001;LIVRET_A;EPARGNE;2022-06-23;;191100.05;;EUR;;;;T000366;ACTIF;PME
C000313;ETB001;PEL;EPARGNE;2017-12-12;;451668.06;;EUR;;;;T000462;ACTIF;
C000314;ETB001;PRET_CONSO;CREDIT;2017-01-17;2028-07-19;126446.92;111687.39;EUR;REVISABLE;;60;T000246;CLOTURE;PARTICULIER
C000315;ETB001;LIVRET_A;EPARGNE;2020-03-26;;383183.17;;EUR;;;;T000351;ACTIF;ETI
C000316;ETB001;CREDIT_BAIL;CREDIT;2021-12-25;2033-02-10;60390.28;17523.79;EUR;VARIABLE;;300;T000333;ACTIF;PME
C000317;ETB001;CREDIT_BAIL;CREDIT;2015-02-08;2030-12-03;444182.41;69991.99;EUR;FIXE;2.0082;300;T000195;CLOTURE;ETI
C000318;ETB001;PRET_CONSO;CREDIT;2018-05-17;2027-04-07;467447.84;55299.88;EUR;REVISABLE;;60;T000468;CONTENTIEUX;ETI
C000319;ETB001;CAT;DEPOT;2019-11-20;;143044.35;;EUR;;;;T000297;CONTENTIEUX;
C000320;ETB001;PRET_CONSO;CREDIT;2016-08-29;2026-05-09;208831.51;84898.17;EUR;VARIABLE;;300;T000269;ACTIF;
C000321;ETB001;DAV;DEPOT;2022-11-20;;408289.35;;EUR;;;;T000431;ACTIF;ETI
C000322;ETB001;PRET_CONSO;CREDIT;2016-07-03;2031-10-14;405518.37;97357.98;EUR;FIXE;3.1789;180;T000099;CONTENTIEUX;ETI
C000323;ETB001;PEL;EPARGNE;2023-03-06;;176505.43;;EUR;;;;T000434;ACTIF;PARTICULIER
C000324;ETB001;CAT;DEPOT;2017-10-05;;342853.37;;EUR;;;;T000289;CLOTURE;PME
C000325;ETB001;LIVRET_A;EPARGNE;2022-10-16;;286282.27;;EUR;;;;T000069;CLOTURE;PARTICULIER
C000326;ETB001;PEL;EPARGNE;2019-12-20;;26559.84;;EUR;;;;T000350;ACTIF;
C000327;ETB001;DAV;DEPOT;2018-04-08;;271492.83;;EUR;;;;T000150;ACTIF;PME
C000328;ETB001;PEL;EPARGNE;2020-01-29;;341261.22;;EUR;;;;T000414;ACTIF;PARTICULIER
C000329;ETB001;CAT;DEPOT;2015-03-05;;301810.16;;EUR;;;;T000441;CONTENTIEUX;PARTICULIER
C000330;ETB001;DAV;DEPOT;2017-09-22;;69670.76;;EUR;;;;T000328;ACTIF;ETI
C000331;ETB001;PRET_IMMO;CREDIT;2021-11-17;2034-11-29;349383.6;133457.81;EUR;FIXE;0.5976;300;T000118;CLOTURE;
C000332;ETB001;CAT;DEPOT;2017-11-06;;2631.73;;EUR;;;;T000096;ACTIF;ETI
C000333;ETB001;PRET_IMMO;CREDIT;2020-05-27;2026-01-26;256340.54;183044.2;EUR;REVISABLE;;60;T000036;ACTIF;
C000334;ETB001;PRET_CONSO;CREDIT;2017-03-05;2034-12-07;345672.02;115915.87;EUR;VARIABLE;;120;T000343;CLOTURE;ETI
C000335;ETB001;PRET_CONSO;CREDIT;2015-12-11;2038-05-07;480109.57;372950.83;EUR;VARIABLE;;240;T000450;CLOTURE;PME
C000336;ETB001;PEL;EPARGNE;2018-05-05;;326272.17;;EUR;;;;T000416;CLOTURE;ETI
C000337;ETB001;PEL;EPARGNE;2019-07-04;;346223.63;;EUR;;;;T000449;CONTENTIEUX;ETI
C000338;ETB001;PEL;EPARGNE;2020-06-08;;439492.71;;EUR;;;;T000247;ACTIF;
C000339;ETB001;PEL;EPARGNE;2020-11-11;;85085.99;;EUR;;;;T000353;ACTIF;PME
C000340;ETB001;CREDIT_BAIL;CREDIT;2017-02-20;2024-10-19;266839.4;210734.42;EUR;FIXE;1.8297;120;T000324;CLOTURE;ETI
C000341;ETB001;PRET_IMMO;CREDIT;2022-12-12;2029-02-05;20216.66;8254.18;EUR;VARIABLE;;240;T000334;ACTIF;
C000342;ETB001;DAV;DEPOT;2023-09-02;;132633.9;;EUR;;;;T000209;ACTIF;
C000343;ETB001;CREDIT_BAIL;CREDIT;2022-12-06;2024-07-09;9755.16;6813.63;EUR;REVISABLE;;60;T000146;CONTENTIEUX;PME
C000344;ETB001;PRET_IMMO;CREDIT;2022-03-19;2040-02-28;125446.55;20261.3;EUR;VARIABLE;;60;T000441;CLOTURE;
C000345;ETB001;CREDIT_BAIL;CREDIT;2022-10-28;2024-11-09;312434.2;257655.91;EUR;VARIABLE;;60;T000297;ACTIF;PARTICULIER
C000346;ETB001;PRET_IMMO;CREDIT;2021-03-16;2038-04-10;312993.41;151531.06;EUR;REVISABLE;;120;T000111;ACTIF;
C000347;ETB001;PRET_CONSO;CREDIT;2016-06-12;2040-10-22;256698.59;26815.4;EUR;VARIABLE;;300;T000125;ACTIF;ETI
C000348;ETB001;PRET_CONSO;CREDIT;2015-02-02;2028-10-29;55297.0;41271.64;EUR;VARIABLE;;240;T000294;ACTIF;PME
C000349;ETB001;PEL;EPARGNE;2016-12-01;;32540.81;;EUR;;;;T000140;ACTIF;ETI
C000350;ETB001;DAV;DEPOT;2020-05-17;;165690.11;;EUR;;;;T000011;CONTENTIEUX;
C000351;ETB001;PRET_IMMO;CREDIT;2023-08-17;2040-09-14;454787.75;91175.7;EUR;REVISABLE;;120;T000270;CONTENTIEUX;ETI
C000352;ETB001;CREDIT_BAIL;CREDIT;2022-12-10;2036-07-29;226479.43;111846.46;EUR;REVISABLE;;300;T000077;ACTIF;ETI
C000353;ETB001;DECOUVERT;CREDIT;2015-03-04;2025-08-19;396228.29;253264.82;EUR;VARIABLE;;180;T000305;ACTIF;PME
C000354;ETB001;PRET_IMMO;CREDIT;2018-09-20;2031-02-12;196185.53;114637.12;EUR;FIXE;4.1453;240;T000352;ACTIF;
C000355;ETB001;DECOUVERT;CREDIT;2020-07-12;2025-09-09;186566.88;101293.55;EUR;FIXE;3.4748;240;T000176;CLOTURE;ETI
C000356;ETB001;CREDIT_BAIL;CREDIT;2018-08-19;2032-10-21;124846.54;95470.54;EUR;REVISABLE;;180;T000288;ACTIF;
C000357;ETB001;LIVRET_A;EPARGNE;2016-05-31;;348072.39;;EUR;;;;T000393;ACTIF;ETI
C000358;ETB001;PRET_IMMO;CREDIT;2019-05-04;2038-09-30;201410.57;23309.85;EUR;REVISABLE;;180;T000240;ACTIF;ETI
C000359;ETB001;CREDIT_BAIL;CREDIT;2015-04-04;2040-04-07;82675.64;14719.37;EUR;FIXE;4.5567;240;T000009;ACTIF;ETI
C000360;ETB001;CAT;DEPOT;2022-12-09;;145126.18;;EUR;;;;T000357;CONTENTIEUX;PME
C000361;ETB001;PEL;EPARGNE;2021-12-27;;193402.69;;EUR;;;;T000363;ACTIF;ETI
C000362;ETB001;PRET_CONSO;CREDIT;2015-01-21;2038-01-27;381362.75;163924.39;EUR;FIXE;4.3077;240;T000496;ACTIF;ETI
C000363;ETB001;CREDIT_BAIL;CREDIT;2017-05-21;2033-07-01;216200.52;92946.83;EUR;FIXE;4.6092;300;T000389;ACTIF;ETI
C000364;ETB001;PRET_IMMO;CREDIT;2023-11-24;2038-03-04;11597.94;4559.23;EUR;FIXE;0.7748;300;T000118;CONTENTIEUX;PME
C000365;ETB001;DAV;DEPOT;2018-07-08;;452727.22;;EUR;;;;T000488;CONTENTIEUX;PARTICULIER
C000366;ETB001;LIVRET_A;EPARGNE;2019-09-13;;11709.88;;EUR;;;;T000022;ACTIF;ETI
C000367;ETB001;CAT;DEPOT;2019-10-25;;109283.13;;EUR;;;;T000443;ACTIF;PME
C000368;ETB001;CREDIT_BAIL;CREDIT;2019-12-22;2025-06-12;52521.37;34603.9;EUR;REVISABLE;;120;T000124;CONTENTIEUX;ETI
C000369;ETB001;CAT;DEPOT;2023-03-17;;185980.9;;EUR;;;;T000175;ACTIF;PARTICULIER
C000370;ETB001;LIVRET_A;EPARGNE;2016-01-25;;308529.96;;EUR;;;;T000133;CLOTURE;ETI
C000371;ETB001;PRET_CONSO;CREDIT;2015-10-28;2030-02-23;66949.59;43492.4;EUR;REVISABLE;;240;T000229;ACTIF;PARTICULIER
C000372;ETB001;CREDIT_BAIL;CREDIT;2023-09-11;2035-06-15;256754.35;29490.21;EUR;VARIABLE;;300;T000295;ACTIF;ETI
C000373;ETB001;PRET_CONSO;CREDIT;2019-08-21;2026-05-28;153762.12;130750.86;EUR;FIXE;2.9723;240;T000076;ACTIF;PME
C000374;ETB001;DECOUVERT;CREDIT;2021-07-21;2028-04-10;305489.63;43388.07;EUR;VARIABLE;;120;T000438;CONTENTIEUX;PME
C000375;ETB001;PRET_IMMO;CREDIT;2015-06-10;2029-10-20;272987.95;171432.19;EUR;FIXE;3.2739;60;T000277;ACTIF;PARTICULIER
C000376;ETB001;PEL;EPARGNE;2017-02-02;;158777.61;;EUR;;;;T000338;CONTENTIEUX;
C000377;ETB001;LIVRET_A;EPARGNE;2015-09-03;;237504.19;;EUR;;;;T000231;CLOTURE;
C000378;ETB001;DAV;DEPOT;2022-09-08;;203641.12;;EUR;;;;T000489;ACTIF;PME
C000379;ETB001;CAT;DEPOT;2022-12-15;;351870.33;;EUR;;;;T000226;ACTIF;
C000380;ETB001;PEL;EPARGNE;2022-10-13;;378831.69;;EUR;;;;T000279;CLOTURE;PARTICULIER
C000381;ETB001;PEL;EPARGNE;2018-02-12;;106761.84;;EUR;;;;T000213;ACTIF;PME
C000382;ETB001;PRET_CONSO;CREDIT;2016-04-26;2027-07-03;463170.49;180090.25;EUR;VARIABLE;;240;T000284;CLOTURE;
C000383;ETB001;PRET_CONSO;CREDIT;2021-04-04;2026-12-29;30902.7;27200.48;EUR;FIXE;1.006;180;T000287;ACTIF;PARTICULIER
C000384;ETB001;PEL;EPARGNE;2017-01-03;;468298.97;;EUR;;;;T000095;ACTIF;ETI
C000385;ETB001;LIVRET_A;EPARGNE;2019-03-01;;107916.08;;EUR;;;;T000183;CONTENTIEUX;ETI
C000386;ETB001;CREDIT_BAIL;CREDIT;2018-05-29;2033-05-04;266181.2;203422.72;EUR;REVISABLE;;180;T000458;ACTIF;PME
C000387;ETB001;CAT;DEPOT;2018-08-06;;320470.71;;EUR;;;;T000447;CONTENTIEUX;
C000388;ETB001;PEL;EPARGNE;2023-01-17;;98718.56;;EUR;;;;T000299;CONTENTIEUX;PARTICULIER
C000389;ETB001;PEL;EPARGNE;2016-07-22;;208941.37;;EUR;;;;T000363;ACTIF;PME
C000390;ETB001;DAV;DEPOT;2019-07-25;;359373.29;;EUR;;;;T000161;ACTIF;PARTICULIER
C000391;ETB001;CAT;DEPOT;2020-08-21;;119977.86;;EUR;;;;T000282;CLOTURE;ETI
C000392;ETB001;PRET_IMMO;CREDIT;2018-02-20;2040-10-17;35559.06;21017.15;EUR;REVISABLE;;240;T000481;CLOTURE;PARTICULIER
C000393;ETB001;DECOUVERT;CREDIT;2018-11-17;2038-07-28;130039.58;55194.28;EUR;FIXE;4.1598;60;T000409;CLOTURE;ETI
C000394;ETB001;CREDIT_BAIL;CREDIT;2021-09-04;2034-01-24;488952.87;248781.33;EUR;VARIABLE;;240;T000017;CONTENTIEUX;ETI
C000395;ETB001;PRET_CONSO;CREDIT;2015-04-03;2033-01-16;292609.65;200328.33;EUR;REVISABLE;;300;T000176;ACTIF;PARTICULIER
C000396;ETB001;DAV;DEPOT;2015-01-12;;108372.79;;EUR;;;;T000447;ACTIF;
C000397;ETB001;CAT;DEPOT;2023-03-30;;316129.15;;EUR;;;;T000435;ACTIF;PME
C000398;ETB001;CREDIT_BAIL;CREDIT;2020-07-19;2036-01-30;277731.16;187674.85;EUR;FIXE;4.6511;300;T000099;ACTIF;PARTICULIER
C000399;ETB001;PEL;EPARGNE;2022-02-01;;496221.86;;EUR;;;;T000386;CONTENTIEUX;ETI
C000400;ETB001;CAT;DEPOT;2022-03-23;;207192.76;;EUR;;;;T000327;ACTIF;
C000401;ETB001;DAV;DEPOT;2016-03-02;;183078.85;;EUR;;;;T000474;CLOTURE;PARTICULIER
C000402;ETB001;PEL;EPARGNE;2022-06-29;;412511.92;;EUR;;;;T000455;ACTIF;PME
C000403;ETB001;LIVRET_A;EPARGNE;2023-12-02;;44686.16;;EUR;;;;T000471;ACTIF;PME
C000404;ETB001;LIVRET_A;EPARGNE;2021-10-09;;378856.31;;EUR;;;;T000196;ACTIF;ETI
C000405;ETB001;PRET_CONSO;CREDIT;2021-04-23;2036-06-06;256622.43;43646.13;EUR;REVISABLE;;180;T000461;ACTIF;
C000406;ETB001;PEL;EPARGNE;2022-12-13;;188116.08;;EUR;;;;T000417;ACTIF;ETI
C000407;ETB001;LIVRET_A;EPARGNE;2015-02-09;;356180.67;;EUR;;;;T000128;ACTIF;
C000408;ETB001;CREDIT_BAIL;CREDIT;2021-02-04;2035-11-11;177737.93;71323.09;EUR;REVISABLE;;180;T000415;ACTIF;PME
C000409;ETB001;LIVRET_A;EPARGNE;2022-08-29;;231932.59;;EUR;;;;T000254;ACTIF;PME
C000410;ETB001;LIVRET_A;EPARGNE;2017-04-10;;45707.41;;EUR;;;;T000058;ACTIF;PME
C000411;ETB001;LIVRET_A;EPARGNE;2018-10-16;;200290.01;;EUR;;;;T000228;CLOTURE;PME
C000412;ETB001;LIVRET_A;EPARGNE;2022-12-01;;382767.84;;EUR;;;;T000063;CLOTURE;ETI
C000413;ETB001;PRET_CONSO;CREDIT;2015-12-14;2032-11-30;403047.5;245837.38;EUR;FIXE;0.863;120;T000116;ACTIF;ETI
C000414;ETB001;PRET_CONSO;CREDIT;2015-05-02;2035-02-02;310309.82;114443.36;EUR;REVISABLE;;300;T000498;ACTIF;ETI
C000415;ETB001;DECOUVERT;CREDIT;2021-03-09;2029-05-28;137975.97;106429.84;EUR;VARIABLE;;60;T000274;ACTIF;ETI
C000416;ETB001;CAT;DEPOT;2016-05-30;;36875.24;;EUR;;;;T000486;CONTENTIEUX;PARTICULIER
C000417;ETB001;CAT;DEPOT;2022-01-29;;32929.04;;EUR;;;;T000461;ACTIF;PME
C000418;ETB001;DAV;DEPOT;2015-03-26;;313620.43;;EUR;;;;T000145;ACTIF;ETI
C000419;ETB001;CREDIT_BAIL;CREDIT;2018-10-18;2028-06-27;434583.01;244734.77;EUR;FIXE;4.4879;240;T000141;ACTIF;
C000420;ETB001;DAV;DEPOT;2015-05-25;;38454.84;;EUR;;;;T000489;CONTENTIEUX;PME
C000421;ETB001;DECOUVERT;CREDIT;2015-05-18;2030-06-22;49157.11;32090.24;EUR;VARIABLE;;60;T000116;ACTIF;PARTICULIER
C000422;ETB001;CREDIT_BAIL;CREDIT;2022-11-19;2033-12-30;52253.44;30826.67;EUR;REVISABLE;;300;T000157;ACTIF;ETI
C000423;ETB001;LIVRET_A;EPARGNE;2020-11-03;;148443.02;;EUR;;;;T000412;CLOTURE;
C000424;ETB001;DECOUVERT;CREDIT;2018-11-30;2040-10-05;424992.52;345171.09;EUR;VARIABLE;;180;T000154;CONTENTIEUX;
C000425;ETB001;LIVRET_A;EPARGNE;2016-12-25;;138488.37;;EUR;;;;T000293;CONTENTIEUX;PME
C000426;ETB001;PRET_CONSO;CREDIT;2015-12-27;2031-03-27;352377.81;51006.45;EUR;FIXE;3.233;300;T000361;CONTENTIEUX;
C000427;ETB001;LIVRET_A;EPARGNE;2021-04-30;;32443.65;;EUR;;;;T000183;ACTIF;PARTICULIER
C000428;ETB001;LIVRET_A;EPARGNE;2016-01-17;;494173.94;;EUR;;;;T000367;ACTIF;ETI
C000429;ETB001;PRET_IMMO;CREDIT;2022-10-28;2029-09-03;310416.34;181905.12;EUR;REVISABLE;;240;T000240;CLOTURE;
C000430;ETB001;PRET_IMMO;CREDIT;2019-03-09;2032-09-16;329920.33;263797.15;EUR;VARIABLE;;120;T000405;CONTENTIEUX;PARTICULIER
C000431;ETB001;LIVRET_A;EPARGNE;2016-09-01;;452875.09;;EUR;;;;T000232;ACTIF;PARTICULIER
C000432;ETB001;CAT;DEPOT;2017-10-16;;141928.14;;EUR;;;;T000264;CLOTURE;ETI
C000433;ETB001;DECOUVERT;CREDIT;2021-09-13;2033-06-16;463232.81;157763.87;EUR;FIXE;2.1216;120;T000228;CLOTURE;PARTICULIER
C000434;ETB001;LIVRET_A;EPARGNE;2021-11-07;;430250.9;;EUR;;;;T000160;CLOTURE;PARTICULIER
C000435;ETB001;DAV;DEPOT;2019-01-02;;417726.39;;EUR;;;;T000484;ACTIF;ETI
C000436;ETB001;DAV;DEPOT;2017-10-05;;47071.76;;EUR;;;;T000405;ACTIF;ETI
C000437;ETB001;PRET_CONSO;CREDIT;2018-09-19;2036-02-11;139007.09;75451.54;EUR;REVISABLE;;120;T000258;ACTIF;PARTICULIER
C000438;ETB001;PRET_IMMO;CREDIT;2017-02-01;2027-07-30;415774.06;370262.55;EUR;VARIABLE;;60;T000205;ACTIF;
C000439;ETB001;PEL;EPARGNE;2020-11-17;;435720.42;;EUR;;;;T000219;ACTIF;PARTICULIER
C000440;ETB001;LIVRET_A;EPARGNE;2017-06-16;;244150.19;;EUR;;;;T000250;ACTIF;
C000441;ETB001;CAT;DEPOT;2019-06-13;;339126.65;;EUR;;;;T000041;CONTENTIEUX;
C000442;ETB001;DAV;DEPOT;2015-01-25;;440915.16;;EUR;;;;T000332;ACTIF;PME
C000443;ETB001;PRET_IMMO;CREDIT;2023-05-29;2040-02-06;264690.73;213489.49;EUR;VARIABLE;;180;T000241;CONTENTIEUX;PARTICULIER
C000444;ETB001;DAV;DEPOT;2022-03-23;;193686.1;;EUR;;;;T000024;ACTIF;PARTICULIER
C000445;ETB001;PEL;EPARGNE;2023-12-01;;410907.48;;EUR;;;;T000171;ACTIF;
C000446;ETB001;CREDIT_BAIL;CREDIT;2019-06-25;2029-08-13;361348.21;216769.33;EUR;VARIABLE;;240;T000261;ACTIF;PME
C000447;ETB001;PRET_CONSO;CREDIT;2016-10-22;2028-05-17;400397.13;131124.66;EUR;REVISABLE;;120;T000208;CLOTURE;ETI
C000448;ETB001;PRET_IMMO;CREDIT;2015-07-08;2030-09-15;450266.53;218357.04;EUR;VARIABLE;;60;T000289;CLOTURE;PARTICULIER
C000449;ETB001;DAV;DEPOT;2023-10-30;;374855.09;;EUR;;;;T000347;ACTIF;ETI
C000450;ETB001;PEL;EPARGNE;2023-04-06;;160378.7;;EUR;;;;T000077;CONTENTIEUX;PARTICULIER
C000451;ETB001;LIVRET_A;EPARGNE;2023-01-09;;66706.49;;EUR;;;;T000476;CONTENTIEUX;PARTICULIER
C000452;ETB001;DAV;DEPOT;2018-10-20;;311447.1;;EUR;;;;T000034;ACTIF;PARTICULIER
C000453;ETB001;DAV;DEPOT;2016-06-10;;210219.41;;EUR;;;;T000091;ACTIF;ETI
C000454;ETB001;CREDIT_BAIL;CREDIT;2016-09-14;2030-06-11;73920.58;43508.48;EUR;FIXE;1.034;300;T000350;ACTIF;ETI
C000455;ETB001;CAT;DEPOT;2023-08-15;;267965.82;;EUR;;;;T000043;ACTIF;PARTICULIER
C000456;ETB001;PEL;EPARGNE;2023-08-26;;290126.65;;EUR;;;;T000276;ACTIF;ETI
C000457;ETB001;PRET_IMMO;CREDIT;2021-09-15;2036-01-15;309398.59;182013.28;EUR;VARIABLE;;300;T000170;CONTENTIEUX;PARTICULIER
C000458;ETB001;CAT;DEPOT;2016-02-01;;269223.66;;EUR;;;;T000268;ACTIF;PME
C000459;ETB001;CREDIT_BAIL;CREDIT;2021-11-21;2024-01-20;235688.02;58026.41;EUR;REVISABLE;;60;T000008;CONTENTIEUX;PME
C000460;ETB001;PRET_IMMO;CREDIT;2020-01-18;2038-06-14;15247.36;4189.04;EUR;REVISABLE;;180;T000097;ACTIF;PARTICULIER
C000461;ETB001;DAV;DEPOT;2019-08-22;;339326.96;;EUR;;;;T000100;CLOTURE;PME
C000462;ETB001;PRET_CONSO;CREDIT;2018-02-07;2024-02-11;423752.5;303344.43;EUR;VARIABLE;;60;T000028;ACTIF;
C000463;ETB001;PRET_IMMO;CREDIT;2020-09-04;2032-11-28;134407.06;20956.97;EUR;VARIABLE;;180;T000434;ACTIF;ETI
C000464;ETB001;PRET_CONSO;CREDIT;2019-02-25;2028-06-17;35946.0;26062.05;EUR;VARIABLE;;240;T000096;ACTIF;PARTICULIER
C000465;ETB001;CAT;DEPOT;2019-08-16;;68761.79;;EUR;;;;T000219;ACTIF;ETI
C000466;ETB001;CAT;DEPOT;2017-06-06;;135917.88;;EUR;;;;T000060;ACTIF;
C000467;ETB001;CAT;DEPOT;2022-01-23;;347710.4;;EUR;;;;T000299;CLOTURE;PME
C000468;ETB001;CREDIT_BAIL;CREDIT;2017-11-24;2032-05-05;425843.25;279628.0;EUR;FIXE;1.3273;300;T000322;ACTIF;ETI
C000469;ETB001;PEL;EPARGNE;2016-12-30;;119187.47;;EUR;;;;T000001;CLOTURE;PME
C000470;ETB001;LIVRET_A;EPARGNE;2023-02-18;;6758.56;;EUR;;;;T000040;ACTIF;PARTICULIER
C000471;ETB001;PEL;EPARGNE;2015-10-30;;462549.85;;EUR;;;;T000435;ACTIF;
C000472;ETB001;LIVRET_A;EPARGNE;2017-10-09;;92103.18;;EUR;;;;T000163;ACTIF;
C000473;ETB001;PRET_IMMO;CREDIT;2019-07-28;2036-09-13;401404.55;209705.87;EUR;FIXE;2.9259;60;T000322;ACTIF;PARTICULIER
C000474;ETB001;PRET_IMMO;CREDIT;2019-08-10;2029-09-11;148087.31;49074.15;EUR;VARIABLE;;180;T000272;ACTIF;PME
C000475;ETB001;CAT;DEPOT;2017-12-31;;90657.8;;EUR;;;;T000453;ACTIF;PME
C000476;ETB001;PRET_IMMO;CREDIT;2022-11-05;2030-09-17;24289.11;14490.36;EUR;VARIABLE;;240;T000250;ACTIF;PME
C000477;ETB001;DECOUVERT;CREDIT;2017-05-29;2039-03-15;57589.2;23535.92;EUR;FIXE;4.541;240;T000019;CLOTURE;PARTICULIER
C000478;ETB001;DAV;DEPOT;2015-08-03;;154136.8;;EUR;;;;T000231;ACTIF;PARTICULIER
C000479;ETB001;DAV;DEPOT;2016-05-25;;170819.17;;EUR;;;;T000146;ACTIF;PME
C000480;ETB001;DAV;DEPOT;2018-04-05;;441401.57;;EUR;;;;T000337;CLOTURE;PME
C000481;ETB001;CAT;DEPOT;2018-09-13;;413188.79;;EUR;;;;T000320;ACTIF;PARTICULIER
C000482;ETB001;DAV;DEPOT;2023-12-18;;206152.09;;EUR;;;;T000322;CONTENTIEUX;ETI
C000483;ETB001;CAT;DEPOT;2017-08-17;;238389.95;;EUR;;;;T000050;ACTIF;PME
C000484;ETB001;CREDIT_BAIL;CREDIT;2022-02-11;2030-10-01;326764.42;218401.93;EUR;VARIABLE;;240;T000274;ACTIF;PARTICULIER
C000485;ETB001;DECOUVERT;CREDIT;2021-04-25;2025-11-27;479434.41;312672.21;EUR;REVISABLE;;120;T000394;ACTIF;ETI
C000486;ETB001;CREDIT_BAIL;CREDIT;2018-02-02;2029-04-17;462700.6;298515.73;EUR;VARIABLE;;60;T000447;ACTIF;ETI
C000487;ETB001;CREDIT_BAIL;CREDIT;2022-12-30;2029-05-07;208050.96;41148.16;EUR;REVISABLE;;180;T000212;CONTENTIEUX;PME
C000488;ETB001;PEL;EPARGNE;2017-10-05;;66089.88;;EUR;;;;T000276;ACTIF;ETI
C000489;ETB001;PRET_IMMO;CREDIT;2018-08-25;2030-12-20;490502.24;250828.89;EUR;REVISABLE;;300;T000225;CONTENTIEUX;ETI
C000490;ETB001;PRET_CONSO;CREDIT;2017-08-22;2025-11-17;298597.46;102811.53;EUR;VARIABLE;;60;T000423;ACTIF;ETI
C000491;ETB001;CREDIT_BAIL;CREDIT;2017-11-19;2033-11-06;84892.74;71804.52;EUR;VARIABLE;;240;T000320;CONTENTIEUX;PARTICULIER
C000492;ETB001;PEL;EPARGNE;2017-03-14;;212997.73;;EUR;;;;T000151;ACTIF;PARTICULIER
C000493;ETB001;CREDIT_BAIL;CREDIT;2022-01-03;2027-10-09;159775.27;90919.62;EUR;FIXE;4.6279;300;T000310;ACTIF;PME
C000494;ETB001;CAT;DEPOT;2019-09-14;;159696.95;;EUR;;;;T000128;ACTIF;ETI
C000495;ETB001;PRET_CONSO;CREDIT;2015-10-15;2033-01-27;418484.18;198447.01;EUR;FIXE;4.1839;60;T000079;CLOTURE;
C000496;ETB001;PRET_CONSO;CREDIT;2023-08-08;2025-10-04;476603.41;342310.96;EUR;VARIABLE;;120;T000456;CONTENTIEUX;ETI
C000497;ETB001;PEL;EPARGNE;2018-03-05;;377203.08;;EUR;;;;T000170;CLOTURE;
C000498;ETB001;PEL;EPARGNE;2022-01-02;;183498.81;;EUR;;;;T000036;ACTIF;PME
C000499;ETB001;PRET_CONSO;CREDIT;2023-05-11;2030-03-25;295490.44;176711.38;EUR;VARIABLE;;240;T000234;ACTIF;ETI
C000500;ETB001;PEL;EPARGNE;2022-02-24;;431957.66;;EUR;;;;T000013;CONTENTIEUX;
C000501;ETB001;DAV;DEPOT;2021-11-08;;422487.74;;EUR;;;;T000005;ACTIF;PME
C000502;ETB001;CAT;DEPOT;2017-10-03;;320553.04;;EUR;;;;T000146;ACTIF;PME
C000503;ETB001;PRET_IMMO;CREDIT;2016-10-22;2037-03-12;495218.37;361839.73;EUR;VARIABLE;;300;T000168;ACTIF;PME
C000504;ETB001;DAV;DEPOT;2016-12-23;;376142.32;;EUR;;;;T000362;CLOTURE;PME
C000505;ETB001;PEL;EPARGNE;2017-11-07;;150149.86;;EUR;;;;T000084;ACTIF;ETI
C000506;ETB001;CAT;DEPOT;2022-07-23;;479877.12;;EUR;;;;T000141;ACTIF;PME
C000507;ETB001;CREDIT_BAIL;CREDIT;2016-06-24;2040-01-22;278189.33;105765.91;EUR;VARIABLE;;60;T000438;CONTENTIEUX;
C000508;ETB001;CREDIT_BAIL;CREDIT;2019-12-03;2024-06-13;465994.96;315676.34;EUR;REVISABLE;;240;T000279;ACTIF;ETI
C000509;ETB001;LIVRET_A;EPARGNE;2021-09-24;;269747.64;;EUR;;;;T000323;CONTENTIEUX;
C000510;ETB001;LIVRET_A;EPARGNE;2015-12-04;;219083.0;;EUR;;;;T000012;ACTIF;PME
C000511;ETB001;PRET_CONSO;CREDIT;2018-10-09;2037-05-01;95738.57;39513.88;EUR;FIXE;2.8051;240;T000099;ACTIF;
C000512;ETB001;PEL;EPARGNE;2020-02-06;;308001.77;;EUR;;;;T000460;ACTIF;
C000513;ETB001;LIVRET_A;EPARGNE;2022-02-03;;465751.14;;EUR;;;;T000438;ACTIF;ETI
C000514;ETB001;PEL;EPARGNE;2022-03-23;;472761.28;;EUR;;;;T000072;CLOTURE;PARTICULIER
C000515;ETB001;PRET_CONSO;CREDIT;2022-05-03;2037-02-22;426959.71;207481.93;EUR;FIXE;0.8466;120;T000004;ACTIF;ETI
C000516;ETB001;CREDIT_BAIL;CREDIT;2020-04-16;2032-09-25;386001.22;293843.88;EUR;VARIABLE;;240;T000379;CLOTURE;
C000517;ETB001;CAT;DEPOT;2021-06-25;;342955.04;;EUR;;;;T000345;ACTIF;
C000518;ETB001;PRET_CONSO;CREDIT;2017-10-24;2030-06-26;447803.6;367285.54;EUR;REVISABLE;;120;T000070;ACTIF;PME
C000519;ETB001;CAT;DEPOT;2023-09-06;;488037.9;;EUR;;;;T000345;ACTIF;PME
C000520;ETB001;PRET_CONSO;CREDIT;2015-11-29;2037-12-25;386514.68;319899.3;EUR;REVISABLE;;240;T000427;ACTIF;PME
C000521;ETB001;PRET_IMMO;CREDIT;2017-11-09;2040-05-30;458367.99;90825.26;EUR;FIXE;2.1345;300;T000353;CONTENTIEUX;PARTICULIER
C000522;ETB001;CREDIT_BAIL;CREDIT;2022-07-22;2039-01-09;414198.62;67839.73;EUR;FIXE;3.4759;300;T000114;CONTENTIEUX;ETI
C000523;ETB001;PEL;EPARGNE;2015-10-12;;338273.63;;EUR;;;;T000390;ACTIF;
C000524;ETB001;CAT;DEPOT;2020-06-11;;350807.81;;EUR;;;;T000473;CLOTURE;ETI
C000525;ETB001;PRET_CONSO;CREDIT;2016-10-16;2039-07-31;339621.06;117856.46;EUR;VARIABLE;;180;T000299;ACTIF;PME
C000526;ETB001;DECOUVERT;CREDIT;2016-04-14;2037-04-03;340779.81;113418.21;EUR;REVISABLE;;60;T000121;ACTIF;PME
C000527;ETB001;DECOUVERT;CREDIT;2016-12-23;2028-01-31;495436.02;321386.55;EUR;REVISABLE;;120;T000277;ACTIF;
C000528;ETB001;PEL;EPARGNE;2021-08-27;;374371.52;;EUR;;;;T000496;ACTIF;
C000529;ETB001;PRET_IMMO;CREDIT;2016-03-31;2026-12-02;33949.14;3430.27;EUR;VARIABLE;;180;T000111;CONTENTIEUX;PARTICULIER
C000530;ETB001;CREDIT_BAIL;CREDIT;2017-01-23;2039-11-13;479479.37;272572.72;EUR;FIXE;4.5839;180;T000263;ACTIF;
C000531;ETB001;PRET_CONSO;CREDIT;2015-09-23;2039-11-13;486526.28;276556.09;EUR;FIXE;1.0631;180;T000044;CONTENTIEUX;PME
C000532;ETB001;PRET_IMMO;CREDIT;2020-03-05;2028-03-07;351317.87;244142.85;EUR;VARIABLE;;240;T000267;ACTIF;PME
C000533;ETB001;PEL;EPARGNE;2016-10-26;;453453.57;;EUR;;;;T000445;CONTENTIEUX;
C000534;ETB001;DECOUVERT;CREDIT;2016-06-16;2036-04-04;26990.4;6838.94;EUR;REVISABLE;;300;T000171;CONTENTIEUX;PME
C000535;ETB001;DAV;DEPOT;2019-08-16;;128080.71;;EUR;;;;T000115;ACTIF;ETI
C000536;ETB001;CAT;DEPOT;2015-07-08;;95140.04;;EUR;;;;T000211;CLOTURE;
C000537;ETB001;PRET_CONSO;CREDIT;2023-04-16;2026-10-31;31053.29;14227.02;EUR;REVISABLE;;60;T000394;ACTIF;ETI
C000538;ETB001;PRET_CONSO;CREDIT;2019-01-23;2037-02-13;67783.28;39498.68;EUR;FIXE;2.7155;300;T000475;ACTIF;PME
C000539;ETB001;PRET_CONSO;CREDIT;2023-10-20;2036-04-14;270802.16;196811.3;EUR;VARIABLE;;60;T000177;ACTIF;PME
C000540;ETB001;PEL;EPARGNE;2016-12-20;;410218.14;;EUR;;;;T000026;CLOTURE;PARTICULIER
C000541;ETB001;CAT;DEPOT;2017-03-01;;262220.05;;EUR;;;;T000077;CONTENTIEUX;ETI
C000542;ETB001;CAT;DEPOT;2021-03-13;;322193.12;;EUR;;;;T000058;CONTENTIEUX;ETI
C000543;ETB001;DECOUVERT;CREDIT;2018-01-22;2036-10-25;309127.74;246464.61;EUR;REVISABLE;;120;T000212;CONTENTIEUX;PME
C000544;ETB001;CAT;DEPOT;2017-12-16;;436556.36;;EUR;;;;T000398;ACTIF;
C000545;ETB001;CAT;DEPOT;2023-04-06;;199848.07;;EUR;;;;T000382;CONTENTIEUX;PARTICULIER
C000546;ETB001;DAV;DEPOT;2019-08-09;;232327.02;;EUR;;;;T000454;ACTIF;PME
C000547;ETB001;PRET_IMMO;CREDIT;2021-12-03;2036-04-01;166724.37;121425.75;EUR;VARIABLE;;120;T000208;CLOTURE;
C000548;ETB001;PRET_CONSO;CREDIT;2017-06-27;2027-12-24;49361.94;24868.29;EUR;REVISABLE;;300;T000164;ACTIF;PME
C000549;ETB001;PRET_IMMO;CREDIT;2016-11-26;2029-11-10;375170.84;318956.87;EUR;FIXE;2.0426;240;T000232;CLOTURE;ETI
C000550;ETB001;CREDIT_BAIL;CREDIT;2023-12-21;2037-03-21;91289.61;26540.2;EUR;FIXE;4.8095;240;T000291;ACTIF;ETI
C000551;ETB001;CREDIT_BAIL;CREDIT;2022-06-11;2028-08-04;290887.4;114470.0;EUR;VARIABLE;;300;T000323;ACTIF;PME
C000552;ETB001;CAT;DEPOT;2021-05-04;;399747.93;;EUR;;;;T000370;CLOTURE;ETI
C000553;ETB001;CREDIT_BAIL;CREDIT;2017-06-13;2034-10-07;373631.65;279616.65;EUR;FIXE;4.5911;240;T000175;ACTIF;ETI
C000554;ETB001;LIVRET_A;EPARGNE;2018-12-11;;59763.61;;EUR;;;;T000225;CLOTURE;
C000555;ETB001;CREDIT_BAIL;CREDIT;2016-12-07;2040-04-03;36599.5;30091.57;EUR;VARIABLE;;300;T000476;ACTIF;ETI
C000556;ETB001;PRET_CONSO;CREDIT;2015-11-26;2034-09-22;195835.56;39092.12;EUR;VARIABLE;;300;T000124;CONTENTIEUX;
C000557;ETB001;CAT;DEPOT;2023-02-01;;21669.55;;EUR;;;;T000290;CONTENTIEUX;PME
C000558;ETB001;PEL;EPARGNE;2023-08-06;;443036.88;;EUR;;;;T000410;CONTENTIEUX;PARTICULIER
C000559;ETB001;DAV;DEPOT;2022-07-18;;69745.94;;EUR;;;;T000441;ACTIF;
C000560;ETB001;PEL;EPARGNE;2021-05-31;;52672.51;;EUR;;;;T000440;CLOTURE;PARTICULIER
C000561;ETB001;CREDIT_BAIL;CREDIT;2022-09-10;2027-09-02;9676.22;4486.97;EUR;FIXE;2.7692;120;T000322;ACTIF;PME
C000562;ETB001;LIVRET_A;EPARGNE;2023-04-18;;54557.07;;EUR;;;;T000312;CONTENTIEUX;ETI
C000563;ETB001;CAT;DEPOT;2023-08-27;;349106.16;;EUR;;;;T000141;ACTIF;
C000564;ETB001;CREDIT_BAIL;CREDIT;2020-06-12;2034-05-24;69902.94;13232.04;EUR;VARIABLE;;120;T000439;CLOTURE;
C000565;ETB001;PRET_CONSO;CREDIT;2018-05-12;2034-04-08;152772.47;32028.32;EUR;VARIABLE;;300;T000137;ACTIF;ETI
C000566;ETB001;PRET_CONSO;CREDIT;2022-04-16;2026-04-05;374135.47;238503.48;EUR;REVISABLE;;180;T000306;ACTIF;PME
C000567;ETB001;DECOUVERT;CREDIT;2019-03-01;2039-05-12;454296.59;129906.11;EUR;REVISABLE;;300;T000244;ACTIF;
C000568;ETB001;LIVRET_A;EPARGNE;2019-09-14;;345180.58;;EUR;;;;T000369;ACTIF;
C000569;ETB001;LIVRET_A;EPARGNE;2021-07-28;;272612.29;;EUR;;;;T000243;ACTIF;
C000570;ETB001;PEL;EPARGNE;2022-08-01;;282162.53;;EUR;;;;T000300;CLOTURE;PME
C000571;ETB001;CAT;DEPOT;2016-10-19;;71349.8;;EUR;;;;T000428;CLOTURE;
C000572;ETB001;PRET_CONSO;CREDIT;2022-03-25;2030-12-19;407396.71;85034.31;EUR;REVISABLE;;60;T000119;ACTIF;PARTICULIER
C000573;ETB001;DECOUVERT;CREDIT;2015-10-15;2031-11-12;455277.75;331866.73;EUR;VARIABLE;;120;T000040;CONTENTIEUX;ETI
C000574;ETB001;DAV;DEPOT;2022-10-19;;276900.21;;EUR;;;;T000447;ACTIF;PARTICULIER
C000575;ETB001;LIVRET_A;EPARGNE;2018-01-02;;183568.36;;EUR;;;;T000080;CLOTURE;ETI
C000576;ETB001;PRET_CONSO;CREDIT;2021-05-06;2033-03-28;332066.75;181761.27;EUR;REVISABLE;;60;T000311;ACTIF;PME
C000577;ETB001;DECOUVERT;CREDIT;2023-01-09;2030-05-19;398407.79;120755.15;EUR;REVISABLE;;60;T000254;ACTIF;PARTICULIER
C000578;ETB001;CREDIT_BAIL;CREDIT;2016-07-30;2024-02-16;230409.56;119942.31;EUR;FIXE;0.9771;180;T000075;ACTIF;ETI
C000579;ETB001;PRET_CONSO;CREDIT;2015-04-25;2038-11-27;119821.91;95419.77;EUR;REVISABLE;;60;T000076;ACTIF;ETI
C000580;ETB001;LIVRET_A;EPARGNE;2022-06-04;;375637.03;;EUR;;;;T000045;CLOTURE;
C000581;ETB001;PRET_CONSO;CREDIT;2021-03-02;2026-06-05;308256.46;212395.1;EUR;FIXE;1.8289;240;T000411;ACTIF;ETI
C000582;ETB001;CAT;DEPOT;2015-07-28;;206577.88;;EUR;;;;T000273;ACTIF;PARTICULIER
C000583;ETB001;PRET_CONSO;CREDIT;2020-01-13;2039-12-21;47029.28;35464.34;EUR;VARIABLE;;180;T000152;ACTIF;
C000584;ETB001;CAT;DEPOT;2023-02-10;;496554.08;;EUR;;;;T000477;ACTIF;ETI
C000585;ETB001;DAV;DEPOT;2018-07-09;;401961.6;;EUR;;;;T000232;ACTIF;ETI
C000586;ETB001;PEL;EPARGNE;2019-07-26;;205212.2;;EUR;;;;T000426;CLOTURE;
C000587;ETB001;CAT;DEPOT;2023-11-26;;451749.05;;EUR;;;;T000176;ACTIF;PME
C000588;ETB001;CREDIT_BAIL;CREDIT;2021-01-14;2032-03-14;168867.72;36232.31;EUR;FIXE;0.9351;240;T000102;CONTENTIEUX;ETI
C000589;ETB001;DAV;DEPOT;2021-06-20;;486694.29;;EUR;;;;T000330;ACTIF;ETI
C000590;ETB001;LIVRET_A;EPARGNE;2021-07-28;;257194.99;;EUR;;;;T000411;ACTIF;PME
C000591;ETB001;DAV;DEPOT;2022-02-26;;399745.64;;EUR;;;;T000226;CONTENTIEUX;PARTICULIER
C000592;ETB001;PEL;EPARGNE;2015-06-30;;233195.49;;EUR;;;;T000262;CONTENTIEUX;ETI
C000593;ETB001;CREDIT_BAIL;CREDIT;2015-11-30;2026-01-02;419171.46;309490.48;EUR;VARIABLE;;120;T000495;ACTIF;PARTICULIER
C000594;ETB001;DAV;DEPOT;2016-10-13;;344779.24;;EUR;;;;T000242;CONTENTIEUX;PME
C000595;ETB001;CAT;DEPOT;2021-07-03;;25802.03;;EUR;;;;T000079;ACTIF;PARTICULIER
C000596;ETB001;CREDIT_BAIL;CREDIT;2020-09-22;2036-01-18;270254.91;194152.69;EUR;REVISABLE;;300;T000219;CLOTURE;
C000597;ETB001;CAT;DEPOT;2022-07-04;;136065.19;;EUR;;;;T000109;CONTENTIEUX;PARTICULIER
C000598;ETB001;LIVRET_A;EPARGNE;2021-10-28;;103834.03;;EUR;;;;T000290;ACTIF;ETI
C000599;ETB001;CAT;DEPOT;2017-01-07;;264556.48;;EUR;;;;T000421;ACTIF;
C000600;ETB001;CAT;DEPOT;2022-05-20;;143834.7;;EUR;;;;T000288;CLOTURE;ETI
C000601;ETB001;CREDIT_BAIL;CREDIT;2023-07-05;2035-08-17;319598.44;65622.57;EUR;FIXE;4.0329;60;T000002;CLOTURE;ETI
C000602;ETB001;PRET_IMMO;CREDIT;2016-04-20;2030-07-11;447978.12;356429.89;EUR;FIXE;3.7976;180;T000247;ACTIF;PME
C000603;ETB001;CAT;DEPOT;2020-09-12;;337318.0;;EUR;;;;T000354;CONTENTIEUX;
C000604;ETB001;LIVRET_A;EPARGNE;2022-08-15;;107254.75;;EUR;;;;T000466;ACTIF;PARTICULIER
C000605;ETB001;PRET_CONSO;CREDIT;2021-10-19;2034-10-10;57371.32;40571.77;EUR;FIXE;4.5437;240;T000117;ACTIF;ETI
C000606;ETB001;DECOUVERT;CREDIT;2018-01-20;2032-10-04;399779.22;235453.45;EUR;FIXE;0.7734;300;T000480;ACTIF;PARTICULIER
C000607;ETB001;CREDIT_BAIL;CREDIT;2021-06-29;2040-07-17;126030.51;58218.47;EUR;FIXE;4.8637;240;T000055;ACTIF;PARTICULIER
C000608;ETB001;PRET_IMMO;CREDIT;2015-11-28;2036-01-31;437067.08;290693.24;EUR;FIXE;0.7652;240;T000151;ACTIF;
C000609;ETB001;DECOUVERT;CREDIT;2015-02-08;2040-05-23;233484.66;183403.26;EUR;VARIABLE;;240;T000299;CLOTURE;PARTICULIER
C000610;ETB001;PEL;EPARGNE;2021-07-29;;137621.77;;EUR;;;;T000326;ACTIF;PARTICULIER
C000611;ETB001;PRET_CONSO;CREDIT;2022-08-01;2036-09-28;230413.21;120206.69;EUR;REVISABLE;;300;T000391;ACTIF;ETI
C000612;ETB001;LIVRET_A;EPARGNE;2022-04-05;;206531.18;;EUR;;;;T000087;ACTIF;
C000613;ETB001;LIVRET_A;EPARGNE;2019-07-30;;366164.5;;EUR;;;;T000131;CLOTURE;ETI
C000614;ETB001;PRET_IMMO;CREDIT;2021-06-24;2035-11-15;12822.21;8678.32;EUR;REVISABLE;;240;T000079;ACTIF;
C000615;ETB001;PRET_IMMO;CREDIT;2023-11-13;2031-06-12;182474.87;70391.38;EUR;VARIABLE;;120;T000222;CONTENTIEUX;PME
C000616;ETB001;DAV;DEPOT;2021-05-03;;48380.32;;EUR;;;;T000253;ACTIF;PME
C000617;ETB001;LIVRET_A;EPARGNE;2019-01-05;;319449.56;;EUR;;;;T000129;ACTIF;
C000618;ETB001;CREDIT_BAIL;CREDIT;2021-06-07;2026-02-02;469263.38;368448.68;EUR;REVISABLE;;60;T000381;ACTIF;
C000619;ETB001;LIVRET_A;EPARGNE;2019-10-18;;465165.1;;EUR;;;;T000221;ACTIF;PARTICULIER
C000620;ETB001;PRET_CONSO;CREDIT;2019-09-24;2032-03-20;206073.55;167677.75;EUR;FIXE;3.7379;180;T000296;ACTIF;
C000621;ETB001;CAT;DEPOT;2022-04-16;;471736.93;;EUR;;;;T000448;ACTIF;PARTICULIER
C000622;ETB001;PEL;EPARGNE;2020-10-31;;480990.44;;EUR;;;;T000130;ACTIF;ETI
C000623;ETB001;CAT;DEPOT;2022-09-12;;258126.85;;EUR;;;;T000115;CONTENTIEUX;ETI
C000624;ETB001;PEL;EPARGNE;2015-07-22;;428082.7;;EUR;;;;T000091;CONTENTIEUX;PME
C000625;ETB001;CREDIT_BAIL;CREDIT;2017-09-21;2035-07-29;240074.42;80209.42;EUR;FIXE;2.6669;240;T000191;ACTIF;PARTICULIER
C000626;ETB001;LIVRET_A;EPARGNE;2022-04-04;;177038.49;;EUR;;;;T000414;ACTIF;ETI
C000627;ETB001;CREDIT_BAIL;CREDIT;2018-08-16;2037-07-29;264823.6;87063.01;EUR;VARIABLE;;120;T000392;ACTIF;
C000628;ETB001;DECOUVERT;CREDIT;2023-04-23;2024-10-03;269579.89;85500.9;EUR;REVISABLE;;60;T000209;ACTIF;ETI
C000629;ETB001;LIVRET_A;EPARGNE;2020-12-12;;51442.48;;EUR;;;;T000301;ACTIF;PME
C000630;ETB001;LIVRET_A;EPARGNE;2022-11-11;;474668.88;;EUR;;;;T000332;CLOTURE;ETI
C000631;ETB001;PRET_CONSO;CREDIT;2022-11-13;2035-07-28;10316.85;1921.59;EUR;FIXE;3.6393;180;T000070;CONTENTIEUX;ETI
C000632;ETB001;LIVRET_A;EPARGNE;2017-02-23;;385658.13;;EUR;;;;T000049;ACTIF;PME
C000633;ETB001;LIVRET_A;EPARGNE;2022-03-19;;300381.12;;EUR;;;;T000295;ACTIF;ETI
C000634;ETB001;CAT;DEPOT;2017-01-01;;413399.94;;EUR;;;;T000482;CONTENTIEUX;PARTICULIER
C000635;ETB001;LIVRET_A;EPARGNE;2020-02-18;;212168.56;;EUR;;;;T000113;ACTIF;PARTICULIER
C000636;ETB001;PRET_CONSO;CREDIT;2021-08-13;2038-02-10;263576.18;153031.11;EUR;VARIABLE;;240;T000189;ACTIF;ETI
C000637;ETB001;PEL;EPARGNE;2017-07-21;;61355.23;;EUR;;;;T000114;ACTIF;PARTICULIER
C000638;ETB001;CAT;DEPOT;2023-10-15;;331578.81;;EUR;;;;T000150;CONTENTIEUX;ETI
C000639;ETB001;CREDIT_BAIL;CREDIT;2015-06-06;2036-05-16;66640.41;8497.47;EUR;VARIABLE;;60;T000277;ACTIF;PARTICULIER
C000640;ETB001;PEL;EPARGNE;2020-11-07;;379474.3;;EUR;;;;T000043;CONTENTIEUX;PARTICULIER
C000641;ETB001;PEL;EPARGNE;2019-06-28;;173642.3;;EUR;;;;T000436;CONTENTIEUX;PME
C000642;ETB001;PRET_IMMO;CREDIT;2023-02-18;2030-08-22;361862.31;200769.37;EUR;VARIABLE;;300;T000371;CONTENTIEUX;PARTICULIER
C000643;ETB001;CAT;DEPOT;2016-08-24;;20334.43;;EUR;;;;T000101;CLOTURE;PARTICULIER
C000644;ETB001;PRET_IMMO;CREDIT;2016-04-11;2033-10-14;76726.02;26244.39;EUR;REVISABLE;;300;T000491;CLOTURE;
C000645;ETB001;CAT;DEPOT;2016-12-16;;310094.24;;EUR;;;;T000282;CLOTURE;PARTICULIER
C000646;ETB001;DAV;DEPOT;2023-01-28;;184876.0;;EUR;;;;T000097;CLOTURE;PARTICULIER
C000647;ETB001;LIVRET_A;EPARGNE;2022-05-30;;159088.58;;EUR;;;;T000211;ACTIF;
C000648;ETB001;PRET_CONSO;CREDIT;2023-08-05;2028-08-01;377431.09;67478.16;EUR;VARIABLE;;120;T000331;ACTIF;
C000649;ETB001;DECOUVERT;CREDIT;2022-10-14;2028-04-08;290531.38;225343.65;EUR;REVISABLE;;240;T000020;ACTIF;ETI
C000650;ETB001;DAV;DEPOT;2023-07-17;;379445.73;;EUR;;;;T000041;ACTIF;
C000651;ETB001;DAV;DEPOT;2018-01-30;;428055.07;;EUR;;;;T000341;ACTIF;PME
C000652;ETB001;PRET_CONSO;CREDIT;2019-07-04;2039-04-04;178250.74;95772.62;EUR;FIXE;0.9663;60;T000158;ACTIF;PME
C000653;ETB001;PEL;EPARGNE;2021-12-27;;36759.8;;EUR;;;;T000332;CLOTURE;PME
C000654;ETB001;CREDIT_BAIL;CREDIT;2023-08-29;2038-01-29;421075.05;176546.25;EUR;VARIABLE;;120;T000234;CONTENTIEUX;
C000655;ETB001;PEL;EPARGNE;2016-02-11;;374368.89;;EUR;;;;T000442;CLOTURE;ETI
C000656;ETB001;CREDIT_BAIL;CREDIT;2018-03-31;2035-08-26;331670.49;192670.59;EUR;FIXE;0.8575;300;T000448;ACTIF;ETI
C000657;ETB001;DAV;DEPOT;2022-07-30;;386712.69;;EUR;;;;T000074;ACTIF;
C000658;ETB001;DAV;DEPOT;2015-09-06;;81275.24;;EUR;;;;T000423;ACTIF;ETI
C000659;ETB001;DAV;DEPOT;2023-05-05;;29472.83;;EUR;;;;T000439;ACTIF;PME
C000660;ETB001;DAV;DEPOT;2017-06-11;;416786.37;;EUR;;;;T000144;CLOTURE;
C000661;ETB001;PEL;EPARGNE;2019-07-13;;35943.81;;EUR;;;;T000314;CONTENTIEUX;ETI
C000662;ETB001;CREDIT_BAIL;CREDIT;2015-12-16;2025-01-25;181392.49;61174.1;EUR;FIXE;1.5855;60;T000187;CONTENTIEUX;PME
C000663;ETB001;CAT;DEPOT;2022-12-28;;18460.5;;EUR;;;;T000281;CONTENTIEUX;PARTICULIER
C000664;ETB001;PRET_CONSO;CREDIT;2022-09-24;2032-06-20;204731.81;63441.26;EUR;VARIABLE;;240;T000167;CONTENTIEUX;ETI
C000665;ETB001;PEL;EPARGNE;2016-10-10;;395341.47;;EUR;;;;T000165;CONTENTIEUX;
C000666;ETB001;DAV;DEPOT;2023-12-30;;45312.36;;EUR;;;;T000043;CLOTURE;PME
C000667;ETB001;PEL;EPARGNE;2019-08-15;;402470.82;;EUR;;;;T000356;ACTIF;ETI
C000668;ETB001;PRET_CONSO;CREDIT;2015-08-11;2028-06-25;147713.05;74108.17;EUR;FIXE;4.1835;300;T000125;CLOTURE;PARTICULIER
C000669;ETB001;CREDIT_BAIL;CREDIT;2019-04-21;2024-10-06;266744.32;137441.13;EUR;VARIABLE;;180;T000148;CLOTURE;PME
C000670;ETB001;PRET_IMMO;CREDIT;2017-12-08;2039-03-23;158954.54;46301.83;EUR;FIXE;2.421;180;T000011;ACTIF;PME
C000671;ETB001;DECOUVERT;CREDIT;2019-03-13;2031-11-02;477728.16;142821.75;EUR;VARIABLE;;240;T000295;CONTENTIEUX;ETI
C000672;ETB001;DECOUVERT;CREDIT;2021-09-29;2035-09-05;417767.35;57364.05;EUR;VARIABLE;;60;T000226;CONTENTIEUX;PARTICULIER
C000673;ETB001;PRET_IMMO;CREDIT;2019-11-16;2039-03-30;50228.07;29999.41;EUR;VARIABLE;;300;T000387;CLOTURE;
C000674;ETB001;DECOUVERT;CREDIT;2022-05-15;2024-05-25;412242.04;345905.53;EUR;FIXE;4.5985;120;T000274;CONTENTIEUX;
C000675;ETB001;CREDIT_BAIL;CREDIT;2021-10-15;2029-09-11;253157.23;44687.95;EUR;REVISABLE;;240;T000330;ACTIF;PME
C000676;ETB001;PRET_IMMO;CREDIT;2016-10-13;2033-08-01;191843.87;171061.57;EUR;REVISABLE;;60;T000234;CLOTURE;ETI
C000677;ETB001;DECOUVERT;CREDIT;2018-11-26;2037-09-04;376127.46;105030.06;EUR;VARIABLE;;180;T000216;ACTIF;PME
C000678;ETB001;PRET_IMMO;CREDIT;2018-10-31;2035-07-06;368027.11;128766.47;EUR;FIXE;0.8697;180;T000408;ACTIF;PME
C000679;ETB001;PEL;EPARGNE;2018-01-02;;274804.52;;EUR;;;;T000478;CONTENTIEUX;ETI
C000680;ETB001;LIVRET_A;EPARGNE;2021-11-10;;16064.98;;EUR;;;;T000160;CLOTURE;PME
C000681;ETB001;PRET_CONSO;CREDIT;2021-07-19;2029-08-27;254033.17;143211.74;EUR;FIXE;4.6935;180;T000174;ACTIF;ETI
C000682;ETB001;PRET_IMMO;CREDIT;2019-03-22;2025-12-25;479571.24;154839.79;EUR;REVISABLE;;240;T000169;ACTIF;PARTICULIER
C000683;ETB001;PEL;EPARGNE;2015-02-06;;425429.89;;EUR;;;;T000218;CLOTURE;
C000684;ETB001;DAV;DEPOT;2023-01-11;;445918.64;;EUR;;;;T000334;CONTENTIEUX;PARTICULIER
C000685;ETB001;CREDIT_BAIL;CREDIT;2022-07-19;2027-05-04;368072.74;269263.09;EUR;FIXE;4.3757;120;T000353;CLOTURE;PARTICULIER
C000686;ETB001;PEL;EPARGNE;2023-05-19;;185831.27;;EUR;;;;T000364;ACTIF;PARTICULIER
C000687;ETB001;DECOUVERT;CREDIT;2017-04-12;2038-08-10;263442.87;216902.63;EUR;REVISABLE;;60;T000338;CLOTURE;PARTICULIER
C000688;ETB001;DECOUVERT;CREDIT;2015-06-15;2034-05-04;134533.81;58142.14;EUR;FIXE;2.8726;240;T000001;CONTENTIEUX;
C000689;ETB001;LIVRET_A;EPARGNE;2019-09-05;;51057.75;;EUR;;;;T000155;CLOTURE;PME
C000690;ETB001;PEL;EPARGNE;2022-10-23;;485827.11;;EUR;;;;T000440;CLOTURE;ETI
C000691;ETB001;PEL;EPARGNE;2023-01-05;;459043.82;;EUR;;;;T000098;CONTENTIEUX;PME
C000692;ETB001;PEL;EPARGNE;2022-08-14;;148020.72;;EUR;;;;T000220;ACTIF;
C000693;ETB001;DECOUVERT;CREDIT;2021-11-16;2028-07-05;345505.93;185186.62;EUR;REVISABLE;;240;T000084;CONTENTIEUX;PME
C000694;ETB001;DAV;DEPOT;2022-04-01;;377520.76;;EUR;;;;T000011;ACTIF;
C000695;ETB001;PRET_CONSO;CREDIT;2015-03-09;2037-05-28;412170.21;94062.9;EUR;FIXE;1.1988;180;T000332;CONTENTIEUX;
C000696;ETB001;PRET_CONSO;CREDIT;2018-10-15;2035-12-24;322540.16;70725.46;EUR;REVISABLE;;180;T000349;ACTIF;ETI
C000697;ETB001;LIVRET_A;EPARGNE;2021-05-13;;369531.66;;EUR;;;;T000066;ACTIF;ETI
C000698;ETB001;DAV;DEPOT;2022-06-09;;55667.94;;EUR;;;;T000067;ACTIF;ETI
C000699;ETB001;CAT;DEPOT;2016-12-13;;449764.83;;EUR;;;;T000136;ACTIF;
C000700;ETB001;CAT;DEPOT;2016-08-28;;202155.79;;EUR;;;;T000446;ACTIF;PARTICULIER
C000701;ETB001;CREDIT_BAIL;CREDIT;2015-11-09;2024-03-23;498249.24;85314.99;EUR;VARIABLE;;240;T000393;CLOTURE;
C000702;ETB001;DAV;DEPOT;2022-02-03;;493697.69;;EUR;;;;T000251;CONTENTIEUX;PME
C000703;ETB001;LIVRET_A;EPARGNE;2023-05-20;;291316.23;;EUR;;;;T000148;ACTIF;PARTICULIER
C000704;ETB001;LIVRET_A;EPARGNE;2022-10-12;;378814.84;;EUR;;;;T000101;ACTIF;PME
C000705;ETB001;PRET_CONSO;CREDIT;2023-07-28;2030-01-04;301675.77;253751.23;EUR;REVISABLE;;300;T000482;ACTIF;ETI
C000706;ETB001;LIVRET_A;EPARGNE;2019-12-02;;387209.95;;EUR;;;;T000028;ACTIF;PARTICULIER
C000707;ETB001;CREDIT_BAIL;CREDIT;2018-03-18;2036-11-13;356887.93;224253.9;EUR;REVISABLE;;300;T000257;ACTIF;PARTICULIER
C000708;ETB001;PRET_IMMO;CREDIT;2020-09-06;2040-12-05;132610.38;23752.97;EUR;FIXE;3.136;120;T000039;CONTENTIEUX;PARTICULIER
C000709;ETB001;PEL;EPARGNE;2021-02-04;;2456.34;;EUR;;;;T000082;ACTIF;
C000710;ETB001;DECOUVERT;CREDIT;2023-02-28;2029-04-19;195408.84;63622.03;EUR;VARIABLE;;60;T000031;ACTIF;PME
C000711;ETB001;PRET_CONSO;CREDIT;2022-10-14;2024-09-02;247511.96;27725.68;EUR;FIXE;1.5685;60;T000132;CLOTURE;PME
C000712;ETB001;LIVRET_A;EPARGNE;2016-04-10;;259319.53;;EUR;;;;T000195;ACTIF;ETI
C000713;ETB001;DAV;DEPOT;2016-08-30;;420586.99;;EUR;;;;T000324;ACTIF;PARTICULIER
C000714;ETB001;PRET_CONSO;CREDIT;2019-08-02;2031-09-09;134001.58;50413.36;EUR;VARIABLE;;300;T000479;ACTIF;
C000715;ETB001;LIVRET_A;EPARGNE;2022-02-14;;82445.8;;EUR;;;;T000133;ACTIF;PARTICULIER
C000716;ETB001;PRET_IMMO;CREDIT;2016-01-25;2032-11-15;259238.32;203368.75;EUR;VARIABLE;;240;T000301;ACTIF;
C000717;ETB001;CREDIT_BAIL;CREDIT;2023-04-21;2026-08-28;225157.64;24458.2;EUR;VARIABLE;;180;T000243;ACTIF;
C000718;ETB001;CAT;DEPOT;2015-03-25;;60151.07;;EUR;;;;T000189;ACTIF;
C000719;ETB001;DAV;DEPOT;2015-04-05;;241753.59;;EUR;;;;T000115;ACTIF;PARTICULIER
C000720;ETB001;CAT;DEPOT;2021-09-11;;492573.91;;EUR;;;;T000479;ACTIF;PARTICULIER
C000721;ETB001;DECOUVERT;CREDIT;2021-08-25;2040-05-23;90115.65;79030.91;EUR;VARIABLE;;60;T000114;ACTIF;PARTICULIER
C000722;ETB001;PEL;EPARGNE;2023-02-03;;144431.25;;EUR;;;;T000056;ACTIF;ETI
C000723;ETB001;CAT;DEPOT;2015-01-31;;414192.08;;EUR;;;;T000203;ACTIF;
C000724;ETB001;DECOUVERT;CREDIT;2015-02-10;2029-04-18;150284.47;41383.94;EUR;VARIABLE;;180;T000231;ACTIF;PARTICULIER
C000725;ETB001;CREDIT_BAIL;CREDIT;2021-05-11;2036-09-23;321619.47;166094.78;EUR;FIXE;4.9929;180;T000246;CONTENTIEUX;PME
C000726;ETB001;DECOUVERT;CREDIT;2017-11-13;2024-12-18;56638.29;24747.24;EUR;FIXE;4.1274;240;T000091;CONTENTIEUX;PARTICULIER
C000727;ETB001;LIVRET_A;EPARGNE;2016-08-27;;111160.01;;EUR;;;;T000201;ACTIF;PARTICULIER
C000728;ETB001;DECOUVERT;CREDIT;2015-12-05;2039-06-10;360354.44;266508.71;EUR;REVISABLE;;120;T000206;ACTIF;PARTICULIER
C000729;ETB001;PRET_IMMO;CREDIT;2020-12-30;2025-07-26;247672.35;100077.68;EUR;FIXE;4.8888;240;T000418;ACTIF;
C000730;ETB001;DAV;DEPOT;2019-10-03;;282185.62;;EUR;;;;T000367;ACTIF;ETI
C000731;ETB001;PEL;EPARGNE;2021-10-15;;281005.75;;EUR;;;;T000320;CLOTURE;PME
C000732;ETB001;PRET_CONSO;CREDIT;2016-06-08;2037-12-23;331785.72;78195.04;EUR;FIXE;2.8704;240;T000461;ACTIF;ETI
C000733;ETB001;CREDIT_BAIL;CREDIT;2022-07-01;2024-11-16;159078.37;29380.36;EUR;FIXE;4.8609;240;T000221;CLOTURE;ETI
C000734;ETB001;LIVRET_A;EPARGNE;2021-05-21;;84041.47;;EUR;;;;T000165;CLOTURE;PARTICULIER
C000735;ETB001;LIVRET_A;EPARGNE;2017-04-21;;489732.27;;EUR;;;;T000461;ACTIF;PME
C000736;ETB001;CAT;DEPOT;2023-01-31;;280084.8;;EUR;;;;T000204;CONTENTIEUX;
C000737;ETB001;CAT;DEPOT;2023-07-12;;347000.93;;EUR;;;;T000263;ACTIF;
C000738;ETB001;PEL;EPARGNE;2021-11-12;;2569.53;;EUR;;;;T000312;CLOTURE;PME
C000739;ETB001;LIVRET_A;EPARGNE;2020-05-27;;176096.61;;EUR;;;;T000273;CLOTURE;
C000740;ETB001;PRET_IMMO;CREDIT;2015-02-07;2033-10-18;383421.43;64811.79;EUR;FIXE;4.5291;180;T000193;ACTIF;ETI
C000741;ETB001;DECOUVERT;CREDIT;2016-12-03;2027-02-04;331662.15;92615.5;EUR;FIXE;2.7489;300;T000001;ACTIF;PARTICULIER
C000742;ETB001;PRET_IMMO;CREDIT;2019-05-19;2032-04-19;40643.53;27329.04;EUR;VARIABLE;;240;T000296;CLOTURE;PME
C000743;ETB001;PEL;EPARGNE;2017-10-14;;283852.06;;EUR;;;;T000208;ACTIF;PME
C000744;ETB001;PRET_CONSO;CREDIT;2015-09-07;2033-01-25;162316.73;53397.3;EUR;VARIABLE;;300;T000185;ACTIF;PME
C000745;ETB001;CREDIT_BAIL;CREDIT;2017-09-12;2025-11-13;57329.41;46000.69;EUR;VARIABLE;;60;T000135;ACTIF;PME
C000746;ETB001;PRET_IMMO;CREDIT;2023-10-07;2029-06-21;247912.91;55604.97;EUR;FIXE;0.7954;120;T000006;ACTIF;PME
C000747;ETB001;CREDIT_BAIL;CREDIT;2017-12-16;2032-11-26;353304.07;278624.85;EUR;REVISABLE;;60;T000361;ACTIF;PME
C000748;ETB001;CREDIT_BAIL;CREDIT;2018-03-16;2039-02-27;377591.97;72438.85;EUR;FIXE;2.9791;60;T000415;ACTIF;PARTICULIER
C000749;ETB001;PRET_IMMO;CREDIT;2020-06-04;2029-10-05;68407.95;27815.35;EUR;FIXE;4.8179;180;T000272;CLOTURE;PARTICULIER
C000750;ETB001;DECOUVERT;CREDIT;2016-10-14;2038-11-11;258647.46;158466.48;EUR;FIXE;3.6314;120;T000298;CLOTURE;ETI
C000751;ETB001;CREDIT_BAIL;CREDIT;2017-12-13;2029-05-12;98827.93;73566.22;EUR;VARIABLE;;60;T000422;ACTIF;ETI
C000752;ETB001;PEL;EPARGNE;2020-04-26;;226187.97;;EUR;;;;T000071;ACTIF;PME
C000753;ETB001;DAV;DEPOT;2019-07-12;;32058.08;;EUR;;;;T000202;ACTIF;PME
C000754;ETB001;LIVRET_A;EPARGNE;2016-09-07;;285798.12;;EUR;;;;T000218;ACTIF;
C000755;ETB001;PEL;EPARGNE;2019-12-31;;115711.23;;EUR;;;;T000092;ACTIF;PARTICULIER
C000756;ETB001;PEL;EPARGNE;2015-04-15;;200688.71;;EUR;;;;T000015;ACTIF;PARTICULIER
C000757;ETB001;DECOUVERT;CREDIT;2017-03-18;2030-07-07;429609.15;375267.78;EUR;FIXE;4.3916;300;T000237;ACTIF;ETI
C000758;ETB001;CREDIT_BAIL;CREDIT;2020-12-24;2026-07-22;274785.27;235668.68;EUR;REVISABLE;;300;T000425;ACTIF;PME
C000759;ETB001;LIVRET_A;EPARGNE;2023-10-02;;223344.25;;EUR;;;;T000002;ACTIF;ETI
C000760;ETB001;DAV;DEPOT;2020-10-09;;379113.56;;EUR;;;;T000482;ACTIF;PME
C000761;ETB001;LIVRET_A;EPARGNE;2017-01-28;;276782.54;;EUR;;;;T000094;ACTIF;PME
C000762;ETB001;DECOUVERT;CREDIT;2021-06-23;2040-06-19;257201.18;67073.94;EUR;REVISABLE;;180;T000204;CONTENTIEUX;PME
C000763;ETB001;DAV;DEPOT;2023-01-02;;185292.52;;EUR;;;;T000408;ACTIF;PARTICULIER
C000764;ETB001;PRET_IMMO;CREDIT;2018-11-28;2028-06-17;83880.49;20447.97;EUR;FIXE;3.1631;300;T000277;ACTIF;PARTICULIER
C000765;ETB001;DECOUVERT;CREDIT;2023-10-09;2037-03-20;192324.45;168174.46;EUR;VARIABLE;;60;T000007;CONTENTIEUX;PARTICULIER
C000766;ETB001;PRET_IMMO;CREDIT;2019-07-30;2026-09-14;20638.54;6533.4;EUR;REVISABLE;;240;T000319;CLOTURE;PARTICULIER
C000767;ETB001;DECOUVERT;CREDIT;2016-08-08;2039-10-05;53459.9;22976.79;EUR;REVISABLE;;300;T000281;ACTIF;PME
C000768;ETB001;CAT;DEPOT;2019-09-25;;431477.49;;EUR;;;;T000036;ACTIF;ETI
C000769;ETB001;DECOUVERT;CREDIT;2022-11-14;2024-06-23;324576.53;265637.62;EUR;VARIABLE;;60;T000307;ACTIF;ETI
C000770;ETB001;PRET_CONSO;CREDIT;2019-01-20;2032-01-25;296424.59;103158.05;EUR;FIXE;4.457;240;T000032;ACTIF;
C000771;ETB001;LIVRET_A;EPARGNE;2021-11-08;;375004.1;;EUR;;;;T000488;CLOTURE;PARTICULIER
C000772;ETB001;CAT;DEPOT;2021-08-12;;335863.13;;EUR;;;;T000043;ACTIF;ETI
C000773;ETB001;CAT;DEPOT;2020-11-16;;386327.31;;EUR;;;;T000337;ACTIF;PARTICULIER
C000774;ETB001;PRET_IMMO;CREDIT;2018-09-26;2034-01-12;371300.86;113185.17;EUR;REVISABLE;;60;T000186;ACTIF;
C000775;ETB001;PEL;EPARGNE;2020-12-28;;404113.78;;EUR;;;;T000069;ACTIF;PARTICULIER
C000776;ETB001;CREDIT_BAIL;CREDIT;2016-01-10;2040-01-13;76209.78;9347.67;EUR;VARIABLE;;240;T000302;ACTIF;PARTICULIER
C000777;ETB001;DECOUVERT;CREDIT;2020-08-22;2038-10-05;374532.74;302907.45;EUR;REVISABLE;;180;T000141;CLOTURE;
C000778;ETB001;PEL;EPARGNE;2023-03-06;;230895.68;;EUR;;;;T000481;ACTIF;PME
C000779;ETB001;CREDIT_BAIL;CREDIT;2017-12-19;2040-08-27;47324.06;11938.36;EUR;VARIABLE;;180;T000194;ACTIF;
C000780;ETB001;CAT;DEPOT;2016-07-13;;138613.21;;EUR;;;;T000335;ACTIF;
C000781;ETB001;CREDIT_BAIL;CREDIT;2020-04-09;2033-11-08;46731.67;35790.02;EUR;FIXE;3.3246;180;T000007;ACTIF;PME
C000782;ETB001;CREDIT_BAIL;CREDIT;2021-11-08;2029-01-29;122143.41;52014.61;EUR;VARIABLE;;60;T000303;CLOTURE;ETI
C000783;ETB001;LIVRET_A;EPARGNE;2017-06-18;;351748.19;;EUR;;;;T000325;CLOTURE;PARTICULIER
C000784;ETB001;LIVRET_A;EPARGNE;2021-01-22;;382258.47;;EUR;;;;T000341;ACTIF;ETI
C000785;ETB001;LIVRET_A;EPARGNE;2018-03-28;;231805.61;;EUR;;;;T000165;ACTIF;PARTICULIER
C000786;ETB001;PRET_CONSO;CREDIT;2017-03-30;2027-10-25;156397.95;103547.17;EUR;VARIABLE;;180;T000122;ACTIF;PME
C000787;ETB001;CREDIT_BAIL;CREDIT;2015-03-16;2025-04-16;361645.28;287859.27;EUR;REVISABLE;;240;T000027;CLOTURE;PME
C000788;ETB001;PEL;EPARGNE;2022-10-01;;59492.19;;EUR;;;;T000221;ACTIF;ETI
C000789;ETB001;CREDIT_BAIL;CREDIT;2016-02-19;2032-02-17;367584.34;38005.17;EUR;VARIABLE;;300;T000265;ACTIF;
C000790;ETB001;PRET_IMMO;CREDIT;2022-04-03;2028-07-12;412274.75;246885.02;EUR;FIXE;4.4725;180;T000281;ACTIF;ETI
C000791;ETB001;DECOUVERT;CREDIT;2021-10-06;2025-05-24;46453.9;22406.1;EUR;VARIABLE;;300;T000012;ACTIF;PME
C000792;ETB001;DECOUVERT;CREDIT;2021-06-08;2032-09-18;351630.52;45407.85;EUR;FIXE;4.5593;180;T000224;ACTIF;
C000793;ETB001;CREDIT_BAIL;CREDIT;2023-01-10;2030-05-27;421394.53;141880.94;EUR;FIXE;4.4816;60;T000058;CLOTURE;PARTICULIER
C000794;ETB001;CREDIT_BAIL;CREDIT;2022-02-01;2028-11-21;236008.28;67894.72;EUR;FIXE;1.1412;120;T000059;CONTENTIEUX;PME
C000795;ETB001;PRET_IMMO;CREDIT;2020-05-18;2028-08-24;83056.69;55392.24;EUR;REVISABLE;;240;T000123;ACTIF;ETI
C000796;ETB001;CREDIT_BAIL;CREDIT;2015-04-10;2037-09-24;111846.04;42656.26;EUR;VARIABLE;;120;T000358;ACTIF;ETI
C000797;ETB001;PEL;EPARGNE;2019-08-09;;100365.74;;EUR;;;;T000328;ACTIF;ETI
C000798;ETB001;CAT;DEPOT;2021-12-06;;338526.14;;EUR;;;;T000188;CONTENTIEUX;PME
C000799;ETB001;PRET_IMMO;CREDIT;2022-06-15;2025-02-05;58154.4;19768.35;EUR;REVISABLE;;120;T000367;CLOTURE;PARTICULIER
C000800;ETB001;PEL;EPARGNE;2019-06-19;;165286.62;;EUR;;;;T000213;ACTIF;ETI
C000801;ETB001;PEL;EPARGNE;2021-10-27;;452882.01;;EUR;;;;T000499;ACTIF;ETI
C000802;ETB001;CAT;DEPOT;2016-11-23;;32792.66;;EUR;;;;T000283;ACTIF;ETI
C000803;ETB001;DAV;DEPOT;2016-04-16;;150017.49;;EUR;;;;T000486;ACTIF;ETI
C000804;ETB001;DECOUVERT;CREDIT;2018-04-07;2034-01-09;240652.24;25566.06;EUR;REVISABLE;;240;T000337;CONTENTIEUX;ETI
C000805;ETB001;PRET_IMMO;CREDIT;2021-10-31;2031-08-26;219319.82;35031.11;EUR;VARIABLE;;180;T000420;ACTIF;
C000806;ETB001;PRET_CONSO;CREDIT;2021-08-12;2024-04-14;26545.76;20217.56;EUR;FIXE;4.6452;240;T000171;ACTIF;PARTICULIER
C000807;ETB001;DECOUVERT;CREDIT;2018-08-24;2027-05-17;333256.79;210682.4;EUR;REVISABLE;;180;T000439;ACTIF;PARTICULIER
C000808;ETB001;DECOUVERT;CREDIT;2021-12-10;2036-06-14;462581.92;364685.97;EUR;VARIABLE;;180;T000089;ACTIF;PME
C000809;ETB001;CAT;DEPOT;2019-07-18;;470127.19;;EUR;;;;T000062;CONTENTIEUX;
C000810;ETB001;DECOUVERT;CREDIT;2021-06-24;2035-01-02;432462.62;336592.19;EUR;REVISABLE;;60;T000376;ACTIF;PME
C000811;ETB001;LIVRET_A;EPARGNE;2021-03-06;;419409.0;;EUR;;;;T000263;ACTIF;
C000812;ETB001;CAT;DEPOT;2019-01-16;;84889.91;;EUR;;;;T000383;CLOTURE;ETI
C000813;ETB001;DECOUVERT;CREDIT;2016-09-15;2033-06-23;399710.25;119833.61;EUR;VARIABLE;;240;T000006;ACTIF;PARTICULIER
C000814;ETB001;CAT;DEPOT;2023-04-19;;327562.66;;EUR;;;;T000283;CLOTURE;PME
C000815;ETB001;LIVRET_A;EPARGNE;2015-11-01;;165159.24;;EUR;;;;T000482;ACTIF;PME
C000816;ETB001;LIVRET_A;EPARGNE;2021-02-13;;321372.64;;EUR;;;;T000433;ACTIF;PME
C000817;ETB001;PRET_IMMO;CREDIT;2016-04-27;2029-01-07;425923.22;94985.7;EUR;VARIABLE;;240;T000185;CONTENTIEUX;PARTICULIER
C000818;ETB001;CREDIT_BAIL;CREDIT;2021-10-09;2025-06-13;48794.68;39270.22;EUR;FIXE;3.0645;180;T000222;ACTIF;PARTICULIER
C000819;ETB001;DAV;DEPOT;2022-02-18;;162311.22;;EUR;;;;T000290;ACTIF;ETI
C000820;ETB001;PRET_CONSO;CREDIT;2021-10-03;2033-02-10;421085.9;145240.53;EUR;REVISABLE;;180;T000280;CLOTURE;PARTICULIER
C000821;ETB001;DECOUVERT;CREDIT;2018-04-10;2025-07-25;136098.82;66044.22;EUR;VARIABLE;;300;T000263;ACTIF;PME
C000822;ETB001;DECOUVERT;CREDIT;2016-10-05;2036-05-02;493107.29;205058.96;EUR;REVISABLE;;300;T000333;ACTIF;ETI
C000823;ETB001;PEL;EPARGNE;2016-12-08;;422331.82;;EUR;;;;T000349;ACTIF;
C000824;ETB001;PRET_IMMO;CREDIT;2021-04-01;2033-01-21;112511.48;91101.8;EUR;VARIABLE;;300;T000127;ACTIF;PME
C000825;ETB001;CAT;DEPOT;2016-08-22;;185212.76;;EUR;;;;T000366;ACTIF;ETI
C000826;ETB001;PRET_IMMO;CREDIT;2015-05-02;2036-07-03;239281.9;107449.67;EUR;REVISABLE;;300;T000108;CLOTURE;
C000827;ETB001;PEL;EPARGNE;2023-10-21;;258362.58;;EUR;;;;T000334;ACTIF;
C000828;ETB001;DAV;DEPOT;2022-08-19;;211824.36;;EUR;;;;T000309;CONTENTIEUX;
C000829;ETB001;PRET_CONSO;CREDIT;2022-09-18;2026-11-01;152643.35;118867.65;EUR;REVISABLE;;60;T000132;CLOTURE;PARTICULIER
C000830;ETB001;LIVRET_A;EPARGNE;2020-03-03;;236921.32;;EUR;;;;T000205;CONTENTIEUX;PARTICULIER
C000831;ETB001;PEL;EPARGNE;2016-08-10;;108732.4;;EUR;;;;T000489;CLOTURE;PME
C000832;ETB001;PEL;EPARGNE;2022-08-30;;302182.32;;EUR;;;;T000026;ACTIF;
C000833;ETB001;PRET_IMMO;CREDIT;2020-03-24;2038-08-31;434914.95;301532.9;EUR;FIXE;1.2642;60;T000424;ACTIF;ETI
C000834;ETB001;LIVRET_A;EPARGNE;2020-07-23;;111218.32;;EUR;;;;T000422;ACTIF;PME
C000835;ETB001;CAT;DEPOT;2017-09-25;;352308.52;;EUR;;;;T000478;ACTIF;
C000836;ETB001;PRET_CONSO;CREDIT;2015-05-24;2034-02-20;172220.0;140246.26;EUR;FIXE;2.6179;180;T000035;ACTIF;ETI
C000837;ETB001;PEL;EPARGNE;2019-09-22;;300946.22;;EUR;;;;T000305;ACTIF;ETI
C000838;ETB001;PRET_CONSO;CREDIT;2015-06-20;2033-12-03;105239.76;49591.98;EUR;VARIABLE;;300;T000313;ACTIF;ETI
C000839;ETB001;CAT;DEPOT;2020-06-08;;437379.68;;EUR;;;;T000487;CONTENTIEUX;ETI
C000840;ETB001;LIVRET_A;EPARGNE;2023-12-02;;232490.69;;EUR;;;;T000227;ACTIF;ETI
C000841;ETB001;DAV;DEPOT;2016-09-27;;492125.94;;EUR;;;;T000449;CONTENTIEUX;ETI
C000842;ETB001;CAT;DEPOT;2019-12-06;;350919.01;;EUR;;;;T000213;ACTIF;ETI
C000843;ETB001;CREDIT_BAIL;CREDIT;2017-09-26;2027-12-27;452627.6;90989.49;EUR;FIXE;2.3363;120;T000473;ACTIF;PARTICULIER
C000844;ETB001;CAT;DEPOT;2016-07-20;;170926.54;;EUR;;;;T000342;CONTENTIEUX;PARTICULIER
C000845;ETB001;PRET_IMMO;CREDIT;2017-06-11;2037-07-18;4508.54;1828.09;EUR;FIXE;2.4558;180;T000117;CLOTURE;PARTICULIER
C000846;ETB001;LIVRET_A;EPARGNE;2022-12-07;;335615.7;;EUR;;;;T000354;CONTENTIEUX;
C000847;ETB001;DECOUVERT;CREDIT;2020-06-20;2024-05-21;378947.04;64221.34;EUR;REVISABLE;;60;T000464;ACTIF;PARTICULIER
C000848;ETB001;CREDIT_BAIL;CREDIT;2020-10-13;2040-10-21;356498.67;69502.11;EUR;VARIABLE;;240;T000387;ACTIF;ETI
C000849;ETB001;DECOUVERT;CREDIT;2017-05-09;2029-08-21;288849.39;166083.44;EUR;VARIABLE;;60;T000105;ACTIF;
C000850;ETB001;DAV;DEPOT;2021-01-29;;205178.21;;EUR;;;;T000330;ACTIF;
C000851;ETB001;CREDIT_BAIL;CREDIT;2016-05-19;2028-08-27;60141.65;12567.08;EUR;FIXE;2.7053;180;T000359;ACTIF;PME
C000852;ETB001;DECOUVERT;CREDIT;2016-10-14;2024-12-08;453603.54;389359.2;EUR;REVISABLE;;300;T000091;CLOTURE;PARTICULIER
C000853;ETB001;PRET_CONSO;CREDIT;2023-03-02;2030-12-03;372373.09;185356.66;EUR;FIXE;3.7146;300;T000349;CONTENTIEUX;PME
C000854;ETB001;CAT;DEPOT;2017-05-31;;59182.37;;EUR;;;;T000046;CLOTURE;
C000855;ETB001;DAV;DEPOT;2016-06-18;;362913.64;;EUR;;;;T000447;ACTIF;PARTICULIER
C000856;ETB001;PRET_IMMO;CREDIT;2019-07-01;2026-03-03;139517.84;36101.5;EUR;FIXE;1.9601;60;T000054;ACTIF;
C000857;ETB001;LIVRET_A;EPARGNE;2022-05-25;;67496.44;;EUR;;;;T000025;ACTIF;PME
C000858;ETB001;PEL;EPARGNE;2021-03-25;;174155.81;;EUR;;;;T000270;CONTENTIEUX;
C000859;ETB001;CREDIT_BAIL;CREDIT;2015-12-04;2040-08-19;129431.64;97530.4;EUR;FIXE;1.3505;240;T000194;ACTIF;PARTICULIER
C000860;ETB001;CREDIT_BAIL;CREDIT;2023-01-06;2028-06-20;191571.88;28269.81;EUR;FIXE;2.4321;240;T000330;ACTIF;ETI
C000861;ETB001;PEL;EPARGNE;2017-09-03;;498218.81;;EUR;;;;T000496;CONTENTIEUX;PARTICULIER
C000862;ETB001;LIVRET_A;EPARGNE;2016-01-08;;215661.96;;EUR;;;;T000268;ACTIF;
C000863;ETB001;DECOUVERT;CREDIT;2023-09-28;2035-08-24;351974.78;252969.89;EUR;VARIABLE;;240;T000479;CONTENTIEUX;ETI
C000864;ETB001;PRET_CONSO;CREDIT;2015-12-03;2040-08-31;84884.3;54983.85;EUR;VARIABLE;;60;T000359;ACTIF;
C000865;ETB001;LIVRET_A;EPARGNE;2019-08-25;;401927.96;;EUR;;;;T000274;ACTIF;
C000866;ETB001;DAV;DEPOT;2020-08-12;;310374.96;;EUR;;;;T000115;ACTIF;PME
C000867;ETB001;PEL;EPARGNE;2016-09-22;;121413.79;;EUR;;;;T000149;ACTIF;
C000868;ETB001;CREDIT_BAIL;CREDIT;2023-01-17;2028-03-27;477858.27;411619.01;EUR;FIXE;3.3293;240;T000257;ACTIF;
C000869;ETB001;DECOUVERT;CREDIT;2016-02-12;2030-06-12;93404.79;82275.83;EUR;VARIABLE;;240;T000485;ACTIF;PME
C000870;ETB001;PEL;EPARGNE;2023-06-09;;71148.38;;EUR;;;;T000023;ACTIF;PME
C000871;ETB001;LIVRET_A;EPARGNE;2015-12-28;;187822.33;;EUR;;;;T000113;CLOTURE;
C000872;ETB001;CREDIT_BAIL;CREDIT;2023-01-01;2040-02-05;157503.71;110374.34;EUR;REVISABLE;;120;T000392;ACTIF;
C000873;ETB001;DAV;DEPOT;2019-08-20;;294512.56;;EUR;;;;T000029;ACTIF;ETI
C000874;ETB001;CAT;DEPOT;2021-11-28;;139801.47;;EUR;;;;T000334;ACTIF;PME
C000875;ETB001;PRET_IMMO;CREDIT;2022-05-26;2027-03-16;343550.74;44360.49;EUR;FIXE;1.9218;180;T000010;CLOTURE;ETI
C000876;ETB001;PRET_IMMO;CREDIT;2016-04-28;2036-07-15;156644.04;39959.77;EUR;REVISABLE;;180;T000172;ACTIF;PME
C000877;ETB001;LIVRET_A;EPARGNE;2023-07-24;;187995.94;;EUR;;;;T000447;CONTENTIEUX;PME
C000878;ETB001;DAV;DEPOT;2019-07-19;;305177.58;;EUR;;;;T000428;ACTIF;
C000879;ETB001;PEL;EPARGNE;2021-03-12;;183189.42;;EUR;;;;T000300;ACTIF;PARTICULIER
C000880;ETB001;CAT;DEPOT;2020-07-19;;83659.16;;EUR;;;;T000426;CLOTURE;PME
C000881;ETB001;DECOUVERT;CREDIT;2023-01-04;2034-01-06;322042.92;156387.09;EUR;REVISABLE;;300;T000263;ACTIF;PME
C000882;ETB001;PEL;EPARGNE;2016-05-31;;161943.42;;EUR;;;;T000465;ACTIF;
C000883;ETB001;PRET_IMMO;CREDIT;2022-03-03;2034-07-24;413813.61;90310.0;EUR;VARIABLE;;180;T000223;ACTIF;ETI
C000884;ETB001;CREDIT_BAIL;CREDIT;2023-03-11;2024-11-27;399920.92;293762.25;EUR;REVISABLE;;240;T000189;ACTIF;PARTICULIER
C000885;ETB001;DECOUVERT;CREDIT;2017-12-23;2034-06-16;115225.12;61894.14;EUR;REVISABLE;;180;T000439;ACTIF;PME
C000886;ETB001;LIVRET_A;EPARGNE;2020-05-11;;353614.5;;EUR;;;;T000379;ACTIF;PARTICULIER
C000887;ETB001;DAV;DEPOT;2022-10-31;;353015.12;;EUR;;;;T000315;CLOTURE;PARTICULIER
C000888;ETB001;CREDIT_BAIL;CREDIT;2022-07-28;2033-05-20;170930.45;125257.97;EUR;VARIABLE;;60;T000291;ACTIF;ETI
C000889;ETB001;DECOUVERT;CREDIT;2015-08-18;2032-04-28;323639.92;62603.05;EUR;REVISABLE;;180;T000430;ACTIF;ETI
C000890;ETB001;DAV;DEPOT;2021-11-03;;400458.3;;EUR;;;;T000341;ACTIF;ETI
C000891;ETB001;DAV;DEPOT;2017-11-16;;142237.0;;EUR;;;;T000275;CLOTURE;ETI
C000892;ETB001;DECOUVERT;CREDIT;2023-12-03;2026-09-30;399734.9;70205.74;EUR;REVISABLE;;120;T000196;CLOTURE;PME
C000893;ETB001;DECOUVERT;CREDIT;2020-11-20;2038-02-21;395744.0;251485.09;EUR;VARIABLE;;180;T000284;ACTIF;PME
C000894;ETB001;PRET_IMMO;CREDIT;2019-03-29;2037-03-15;26778.94;7593.97;EUR;FIXE;2.0054;120;T000162;ACTIF;PME
C000895;ETB001;LIVRET_A;EPARGNE;2015-05-15;;223456.63;;EUR;;;;T000112;ACTIF;PARTICULIER
C000896;ETB001;PRET_CONSO;CREDIT;2017-07-24;2027-07-12;207832.16;154357.93;EUR;REVISABLE;;120;T000091;CONTENTIEUX;ETI
C000897;ETB001;PRET_CONSO;CREDIT;2020-05-20;2028-03-17;150897.93;108703.5;EUR;FIXE;0.5034;60;T000356;CLOTURE;PME
C000898;ETB001;PRET_CONSO;CREDIT;2016-04-15;2028-08-23;122126.61;102886.05;EUR;REVISABLE;;240;T000085;ACTIF;PME
C000899;ETB001;CREDIT_BAIL;CREDIT;2020-05-21;2029-04-29;73523.03;59308.64;EUR;FIXE;0.5801;240;T000369;CLOTURE;PME
C000900;ETB001;DECOUVERT;CREDIT;2021-03-14;2027-08-16;35801.73;12713.9;EUR;FIXE;0.8997;300;T000389;ACTIF;ETI
C000901;ETB001;LIVRET_A;EPARGNE;2018-06-03;;125355.97;;EUR;;;;T000043;ACTIF;PARTICULIER
C000902;ETB001;CAT;DEPOT;2022-12-19;;432218.64;;EUR;;;;T000209;ACTIF;PARTICULIER
C000903;ETB001;LIVRET_A;EPARGNE;2016-11-24;;401313.52;;EUR;;;;T000083;CLOTURE;
C000904;ETB001;CAT;DEPOT;2019-10-02;;401342.52;;EUR;;;;T000383;ACTIF;ETI
C000905;ETB001;LIVRET_A;EPARGNE;2015-04-21;;358789.01;;EUR;;;;T000423;CONTENTIEUX;ETI
C000906;ETB001;CREDIT_BAIL;CREDIT;2020-04-14;2034-02-08;125931.48;96793.69;EUR;FIXE;3.742;60;T000484;CONTENTIEUX;PME
C000907;ETB001;CREDIT_BAIL;CREDIT;2015-11-01;2040-11-30;463909.24;143659.3;EUR;REVISABLE;;60;T000134;CLOTURE;
C000908;ETB001;CAT;DEPOT;2021-03-27;;66504.24;;EUR;;;;T000077;CLOTURE;PME
C000909;ETB001;CAT;DEPOT;2015-09-05;;298986.23;;EUR;;;;T000051;CONTENTIEUX;PME
C000910;ETB001;LIVRET_A;EPARGNE;2016-01-12;;290062.82;;EUR;;;;T000400;ACTIF;PARTICULIER
C000911;ETB001;CREDIT_BAIL;CREDIT;2020-05-31;2036-01-20;21185.4;15685.47;EUR;VARIABLE;;240;T000296;ACTIF;
C000912;ETB001;LIVRET_A;EPARGNE;2019-03-29;;142645.17;;EUR;;;;T000287;CONTENTIEUX;PARTICULIER
C000913;ETB001;PRET_IMMO;CREDIT;2019-03-11;2040-07-15;486567.94;89606.11;EUR;REVISABLE;;300;T000264;ACTIF;ETI
C000914;ETB001;LIVRET_A;EPARGNE;2022-01-01;;333383.25;;EUR;;;;T000459;ACTIF;ETI
C000915;ETB001;LIVRET_A;EPARGNE;2019-02-20;;211286.85;;EUR;;;;T000491;ACTIF;
C000916;ETB001;PRET_CONSO;CREDIT;2017-12-25;2037-09-13;359552.92;162492.59;EUR;VARIABLE;;60;T000292;ACTIF;PME
C000917;ETB001;PRET_CONSO;CREDIT;2020-02-11;2026-04-24;12492.61;3588.44;EUR;FIXE;3.6244;120;T000065;ACTIF;PME
C000918;ETB001;DAV;DEPOT;2016-06-02;;404782.14;;EUR;;;;T000006;ACTIF;ETI
C000919;ETB001;CAT;DEPOT;2023-11-29;;407370.58;;EUR;;;;T000468;ACTIF;PME
C000920;ETB001;PRET_CONSO;CREDIT;2016-04-21;2035-07-24;484361.96;185896.87;EUR;VARIABLE;;180;T000481;CONTENTIEUX;PME
C000921;ETB001;LIVRET_A;EPARGNE;2020-01-24;;304787.41;;EUR;;;;T000283;CLOTURE;
C000922;ETB001;CREDIT_BAIL;CREDIT;2023-01-23;2035-04-26;469678.99;174860.87;EUR;REVISABLE;;120;T000113;ACTIF;ETI
C000923;ETB001;DECOUVERT;CREDIT;2020-11-12;2025-04-16;485872.71;274685.46;EUR;FIXE;2.9971;180;T000052;CLOTURE;PARTICULIER
C000924;ETB001;CREDIT_BAIL;CREDIT;2018-06-20;2030-10-25;50831.93;18067.13;EUR;REVISABLE;;60;T000099;CONTENTIEUX;ETI
C000925;ETB001;DECOUVERT;CREDIT;2019-02-27;2029-08-21;397330.54;100875.3;EUR;REVISABLE;;240;T000431;ACTIF;PARTICULIER
C000926;ETB001;PRET_IMMO;CREDIT;2019-11-19;2035-05-21;392617.21;220319.28;EUR;VARIABLE;;180;T000017;ACTIF;PARTICULIER
C000927;ETB001;DECOUVERT;CREDIT;2020-11-29;2034-09-08;262374.68;224903.19;EUR;REVISABLE;;60;T000234;CONTENTIEUX;
C000928;ETB001;PRET_CONSO;CREDIT;2023-03-03;2025-02-19;43228.78;13712.85;EUR;REVISABLE;;300;T000273;ACTIF;PME
C000929;ETB001;DECOUVERT;CREDIT;2016-01-06;2031-02-09;96851.73;67622.04;EUR;FIXE;2.6945;120;T000441;ACTIF;
C000930;ETB001;LIVRET_A;EPARGNE;2016-06-13;;219267.28;;EUR;;;;T000368;ACTIF;
C000931;ETB001;LIVRET_A;EPARGNE;2023-08-01;;190136.77;;EUR;;;;T000354;CLOTURE;ETI
C000932;ETB001;CREDIT_BAIL;CREDIT;2023-10-06;2030-10-17;128612.73;75771.04;EUR;REVISABLE;;60;T000440;CONTENTIEUX;PARTICULIER
C000933;ETB001;LIVRET_A;EPARGNE;2018-04-28;;40920.17;;EUR;;;;T000196;CLOTURE;PME
C000934;ETB001;CAT;DEPOT;2015-01-24;;26634.02;;EUR;;;;T000209;CONTENTIEUX;ETI
C000935;ETB001;PEL;EPARGNE;2015-09-18;;186526.1;;EUR;;;;T000356;CLOTURE;PARTICULIER
C000936;ETB001;PRET_IMMO;CREDIT;2021-02-13;2031-01-25;110538.65;40843.71;EUR;VARIABLE;;180;T000093;ACTIF;ETI
C000937;ETB001;CREDIT_BAIL;CREDIT;2015-07-03;2031-10-08;6345.52;1410.67;EUR;FIXE;1.3887;240;T000249;ACTIF;PARTICULIER
C000938;ETB001;CREDIT_BAIL;CREDIT;2016-10-13;2029-05-01;447826.44;371016.95;EUR;VARIABLE;;180;T000214;ACTIF;PME
C000939;ETB001;PRET_CONSO;CREDIT;2022-08-14;2025-08-12;298461.66;253300.97;EUR;FIXE;2.6692;120;T000392;CONTENTIEUX;ETI
C000940;ETB001;PEL;EPARGNE;2016-04-05;;343486.97;;EUR;;;;T000460;ACTIF;PME
C000941;ETB001;PEL;EPARGNE;2020-09-22;;164730.0;;EUR;;;;T000318;CONTENTIEUX;PME
C000942;ETB001;PRET_IMMO;CREDIT;2019-04-14;2031-08-25;306019.89;147356.3;EUR;VARIABLE;;120;T000136;CONTENTIEUX;
C000943;ETB001;CREDIT_BAIL;CREDIT;2015-11-13;2035-05-28;270172.47;46469.2;EUR;VARIABLE;;240;T000294;ACTIF;PME
C000944;ETB001;PRET_CONSO;CREDIT;2020-10-23;2029-04-18;15921.7;11709.2;EUR;FIXE;3.1419;120;T000382;ACTIF;PARTICULIER
C000945;ETB001;PRET_CONSO;CREDIT;2019-11-15;2034-02-28;159429.67;63073.23;EUR;FIXE;1.8167;300;T000092;ACTIF;ETI
C000946;ETB001;CREDIT_BAIL;CREDIT;2023-11-21;2027-03-15;252807.72;85627.77;EUR;FIXE;2.6942;60;T000117;CLOTURE;PARTICULIER
C000947;ETB001;LIVRET_A;EPARGNE;2019-12-24;;17358.97;;EUR;;;;T000079;CONTENTIEUX;
C000948;ETB001;CREDIT_BAIL;CREDIT;2021-01-28;2026-11-01;132037.57;98785.6;EUR;FIXE;1.0904;240;T000451;ACTIF;
C000949;ETB001;LIVRET_A;EPARGNE;2020-03-23;;331935.0;;EUR;;;;T000016;ACTIF;PME
C000950;ETB001;DAV;DEPOT;2017-10-29;;383581.95;;EUR;;;;T000230;CONTENTIEUX;
C000951;ETB001;DAV;DEPOT;2017-04-01;;402594.9;;EUR;;;;T000466;ACTIF;
C000952;ETB001;LIVRET_A;EPARGNE;2020-04-11;;153828.43;;EUR;;;;T000346;ACTIF;PME
C000953;ETB001;PEL;EPARGNE;2022-11-20;;419339.99;;EUR;;;;T000126;CLOTURE;PARTICULIER
C000954;ETB001;PRET_CONSO;CREDIT;2018-08-27;2038-04-17;46268.23;28992.78;EUR;REVISABLE;;240;T000452;ACTIF;
C000955;ETB001;PEL;EPARGNE;2018-03-20;;89171.99;;EUR;;;;T000457;CONTENTIEUX;
C000956;ETB001;DECOUVERT;CREDIT;2016-03-31;2027-11-01;42728.38;9826.6;EUR;FIXE;2.2216;120;T000351;ACTIF;ETI
C000957;ETB001;DAV;DEPOT;2022-02-21;;85527.27;;EUR;;;;T000218;ACTIF;
C000958;ETB001;LIVRET_A;EPARGNE;2018-04-07;;251714.8;;EUR;;;;T000164;ACTIF;PARTICULIER
C000959;ETB001;PRET_IMMO;CREDIT;2023-08-24;2030-06-19;159405.67;83898.98;EUR;VARIABLE;;60;T000400;CLOTURE;PARTICULIER
C000960;ETB001;LIVRET_A;EPARGNE;2018-01-02;;486526.76;;EUR;;;;T000382;CONTENTIEUX;
C000961;ETB001;LIVRET_A;EPARGNE;2015-10-16;;417773.36;;EUR;;;;T000265;ACTIF;PME
C000962;ETB001;CAT;DEPOT;2016-10-22;;442144.82;;EUR;;;;T000051;ACTIF;PME
C000963;ETB001;DAV;DEPOT;2018-07-04;;318256.69;;EUR;;;;T000053;ACTIF;PARTICULIER
C000964;ETB001;DECOUVERT;CREDIT;2019-10-05;2024-07-12;433288.24;265550.88;EUR;VARIABLE;;240;T000399;CONTENTIEUX;ETI
C000965;ETB001;PRET_IMMO;CREDIT;2019-07-30;2028-08-31;213789.17;56373.89;EUR;REVISABLE;;120;T000401;CLOTURE;PARTICULIER
C000966;ETB001;DECOUVERT;CREDIT;2020-01-10;2030-11-30;320539.81;185578.69;EUR;REVISABLE;;180;T000233;ACTIF;PME
C000967;ETB001;LIVRET_A;EPARGNE;2019-08-05;;187220.9;;EUR;;;;T000396;ACTIF;PME
C000968;ETB001;LIVRET_A;EPARGNE;2018-05-11;;421425.28;;EUR;;;;T000463;ACTIF;PME
C000969;ETB001;DECOUVERT;CREDIT;2021-12-17;2039-08-21;349728.89;302178.09;EUR;VARIABLE;;240;T000159;CLOTURE;ETI
C000970;ETB001;PEL;EPARGNE;2022-03-27;;390262.12;;EUR;;;;T000209;ACTIF;PME
C000971;ETB001;DAV;DEPOT;2016-10-03;;75819.6;;EUR;;;;T000413;ACTIF;
C000972;ETB001;PRET_IMMO;CREDIT;2020-12-18;2029-03-03;294329.0;166761.93;EUR;FIXE;1.2819;240;T000104;ACTIF;
C000973;ETB001;CREDIT_BAIL;CREDIT;2023-12-06;2029-08-25;481099.01;306921.84;EUR;VARIABLE;;60;T000115;ACTIF;PME
C000974;ETB001;CAT;DEPOT;2017-01-31;;365838.93;;EUR;;;;T000019;CLOTURE;ETI
C000975;ETB001;DECOUVERT;CREDIT;2016-10-13;2028-02-04;169342.6;114133.82;EUR;FIXE;2.8181;120;T000480;CONTENTIEUX;ETI
C000976;ETB001;LIVRET_A;EPARGNE;2022-08-20;;40745.31;;EUR;;;;T000001;ACTIF;PME
C000977;ETB001;DAV;DEPOT;2023-12-15;;371317.22;;EUR;;;;T000263;CLOTURE;PARTICULIER
C000978;ETB001;DECOUVERT;CREDIT;2023-07-07;2032-05-02;126646.45;108538.45;EUR;VARIABLE;;240;T000219;ACTIF;
C000979;ETB001;CREDIT_BAIL;CREDIT;2023-10-09;2034-11-17;419011.89;258007.44;EUR;VARIABLE;;60;T000479;CLOTURE;PME
C000980;ETB001;PEL;EPARGNE;2018-10-09;;80344.69;;EUR;;;;T000025;ACTIF;PARTICULIER
C000981;ETB001;LIVRET_A;EPARGNE;2020-05-07;;291301.53;;EUR;;;;T000477;ACTIF;
C000982;ETB001;CAT;DEPOT;2018-01-17;;60439.48;;EUR;;;;T000043;ACTIF;
C000983;ETB001;CREDIT_BAIL;CREDIT;2016-09-28;2031-06-22;281631.33;198164.53;EUR;VARIABLE;;60;T000066;ACTIF;PME
C000984;ETB001;CREDIT_BAIL;CREDIT;2019-02-03;2038-08-11;459164.42;48821.05;EUR;VARIABLE;;180;T000105;CONTENTIEUX;PARTICULIER
C000985;ETB001;PRET_CONSO;CREDIT;2016-01-20;2040-08-09;433655.88;119739.04;EUR;VARIABLE;;120;T000442;ACTIF;
C000986;ETB001;PEL;EPARGNE;2016-07-15;;317873.62;;EUR;;;;T000013;ACTIF;PARTICULIER
C000987;ETB001;PRET_IMMO;CREDIT;2022-08-01;2033-01-27;27635.43;17536.94;EUR;REVISABLE;;60;T000155;ACTIF;
C000988;ETB001;CREDIT_BAIL;CREDIT;2016-11-10;2029-08-24;282906.2;31225.07;EUR;REVISABLE;;240;T000258;ACTIF;PME
C000989;ETB001;CREDIT_BAIL;CREDIT;2021-11-25;2038-03-05;268131.25;146107.34;EUR;REVISABLE;;60;T000386;CONTENTIEUX;PME
C000990;ETB001;CAT;DEPOT;2016-05-02;;261555.29;;EUR;;;;T000086;ACTIF;PME
C000991;ETB001;PEL;EPARGNE;2015-03-13;;161588.21;;EUR;;;;T000124;ACTIF;ETI
C000992;ETB001;PRET_IMMO;CREDIT;2017-04-09;2033-11-26;276877.86;39705.28;EUR;FIXE;4.3622;300;T000012;ACTIF;PME
C000993;ETB001;PRET_CONSO;CREDIT;2020-04-17;2033-06-22;446044.33;56723.17;EUR;REVISABLE;;60;T000086;ACTIF;
C000994;ETB001;DECOUVERT;CREDIT;2018-09-01;2034-07-23;57301.72;48204.23;EUR;FIXE;0.9758;300;T000478;ACTIF;
C000995;ETB001;DAV;DEPOT;2015-06-10;;170808.32;;EUR;;;;T000213;ACTIF;ETI
C000996;ETB001;DAV;DEPOT;2022-05-16;;156149.38;;EUR;;;;T000130;ACTIF;PME
C000997;ETB001;LIVRET_A;EPARGNE;2019-09-12;;47049.77;;EUR;;;;T000333;ACTIF;
C000998;ETB001;DAV;DEPOT;2019-04-29;;62757.24;;EUR;;;;T000427;ACTIF;ETI
C000999;ETB001;CAT;DEPOT;2017-07-09;;215140.71;;EUR;;;;T000023;CLOTURE;
C001000;ETB001;LIVRET_A;EPARGNE;2017-03-19;;75851.35;;EUR;;;;T000234;ACTIF;
