identifiant_lien;type_lien;entite_source_type;entite_source_id;entite_cible_type;entite_cible_id;role;quote_part
L000001;TITULAIRE;contrat;C000001;tiers;T000417;TITULAIRE;100
L000002;TITULAIRE;contrat;C000002;tiers;T000435;TITULAIRE;100
L000003;TITULAIRE;contrat;C000003;tiers;T000095;TITULAIRE;100
L000004;TITULAIRE;contrat;C000004;tiers;T000053;TITULAIRE;100
L000005;TITULAIRE;contrat;C000005;tiers;T000230;TITULAIRE;100
L000006;TITULAIRE;contrat;C000006;tiers;T000052;TITULAIRE;100
L000007;TITULAIRE;contrat;C000007;tiers;T000033;TITULAIRE;100
L000008;TITULAIRE;contrat;C000008;tiers;T000339;TITULAIRE;100
L000009;TITULAIRE;contrat;C000009;tiers;T000499;TITULAIRE;100
L000010;TITULAIRE;contrat;C000010;tiers;T000159;TITULAIRE;100
L000011;TITULAIRE;contrat;C000011;tiers;T000164;TITULAIRE;100
L000012;TITULAIRE;contrat;C000012;tiers;T000291;TITULAIRE;100
L000013;TITULAIRE;contrat;C000013;tiers;T000047;TITULAIRE;100
L000014;TITULAIRE;contrat;C000014;tiers;T000069;TITULAIRE;100
L000015;TITULAIRE;contrat;C000015;tiers;T000185;TITULAIRE;100
L000016;TITULAIRE;contrat;C000016;tiers;T000180;TITULAIRE;100
L000017;TITULAIRE;contrat;C000017;tiers;T000074;TITULAIRE;100
L000018;TITULAIRE;contrat;C000018;tiers;T000341;TITULAIRE;100
L000019;TITULAIRE;contrat;C000019;tiers;T000308;TITULAIRE;100
L000020;TITULAIRE;contrat;C000020;tiers;T000454;TITULAIRE;100
L000021;TITULAIRE;contrat;C000021;tiers;T000331;TITULAIRE;100
L000022;TITULAIRE;contrat;C000022;tiers;T000216;TITULAIRE;100
L000023;TITULAIRE;contrat;C000023;tiers;T000359;TITULAIRE;100
L000024;TITULAIRE;contrat;C000024;tiers;T000227;TITULAIRE;100
L000025;TITULAIRE;contrat;C000025;tiers;T000116;TITULAIRE;100
L000026;TITULAIRE;contrat;C000026;tiers;T000083;TITULAIRE;100
L000027;TITULAIRE;contrat;C000027;tiers;T000278;TITULAIRE;100
L000028;TITULAIRE;contrat;C000028;tiers;T000387;TITULAIRE;100
L000029;TITULAIRE;contrat;C000029;tiers;T000039;TITULAIRE;100
L000030;TITULAIRE;contrat;C000030;tiers;T000072;TITULAIRE;100
L000031;TITULAIRE;contrat;C000031;tiers;T000351;TITULAIRE;100
L000032;TITULAIRE;contrat;C000032;tiers;T000500;TITULAIRE;100
L000033;TITULAIRE;contrat;C000033;tiers;T000268;TITULAIRE;100
L000034;TITULAIRE;contrat;C000034;tiers;T000198;TITULAIRE;100
L000035;TITULAIRE;contrat;C000035;tiers;T000188;TITULAIRE;100
L000036;TITULAIRE;contrat;C000036;tiers;T000205;TITULAIRE;100
L000037;TITULAIRE;contrat;C000037;tiers;T000112;TITULAIRE;100
L000038;TITULAIRE;contrat;C000038;tiers;T000394;TITULAIRE;100
L000039;TITULAIRE;contrat;C000039;tiers;T000372;TITULAIRE;100
L000040;TITULAIRE;contrat;C000040;tiers;T000025;TITULAIRE;100
L000041;TITULAIRE;contrat;C000041;tiers;T000371;TITULAIRE;100
L000042;TITULAIRE;contrat;C000042;tiers;T000125;TITULAIRE;100
L000043;TITULAIRE;contrat;C000043;tiers;T000204;TITULAIRE;100
L000044;TITULAIRE;contrat;C000044;tiers;T000115;TITULAIRE;100
L000045;TITULAIRE;contrat;C000045;tiers;T000353;TITULAIRE;100
L000046;TITULAIRE;contrat;C000046;tiers;T000354;TITULAIRE;100
L000047;TITULAIRE;contrat;C000047;tiers;T000273;TITULAIRE;100
L000048;TITULAIRE;contrat;C000048;tiers;T000172;TITULAIRE;100
L000049;TITULAIRE;contrat;C000049;tiers;T000096;TITULAIRE;100
L000050;TITULAIRE;contrat;C000050;tiers;T000492;TITULAIRE;100
L000051;TITULAIRE;contrat;C000051;tiers;T000130;TITULAIRE;100
L000052;TITULAIRE;contrat;C000052;tiers;T000149;TITULAIRE;100
L000053;TITULAIRE;contrat;C000053;tiers;T000454;TITULAIRE;100
L000054;TITULAIRE;contrat;C000054;tiers;T000005;TITULAIRE;100
L000055;TITULAIRE;contrat;C000055;tiers;T000425;TITULAIRE;100
L000056;TITULAIRE;contrat;C000056;tiers;T000077;TITULAIRE;100
L000057;TITULAIRE;contrat;C000057;tiers;T000379;TITULAIRE;100
L000058;TITULAIRE;contrat;C000058;tiers;T000069;TITULAIRE;100
L000059;TITULAIRE;contrat;C000059;tiers;T000117;TITULAIRE;100
L000060;TITULAIRE;contrat;C000060;tiers;T000292;TITULAIRE;100
L000061;TITULAIRE;contrat;C000061;tiers;T000320;TITULAIRE;100
L000062;TITULAIRE;contrat;C000062;tiers;T000283;TITULAIRE;100
L000063;TITULAIRE;contrat;C000063;tiers;T000015;TITULAIRE;100
L000064;TITULAIRE;contrat;C000064;tiers;T000487;TITULAIRE;100
L000065;TITULAIRE;contrat;C000065;tiers;T000394;TITULAIRE;100
L000066;TITULAIRE;contrat;C000066;tiers;T000468;TITULAIRE;100
L000067;TITULAIRE;contrat;C000067;tiers;T000240;TITULAIRE;100
L000068;TITULAIRE;contrat;C000068;tiers;T000043;TITULAIRE;100
L000069;TITULAIRE;contrat;C000069;tiers;T000061;TITULAIRE;100
L000070;TITULAIRE;contrat;C000070;tiers;T000092;TITULAIRE;100
L000071;TITULAIRE;contrat;C000071;tiers;T000287;TITULAIRE;100
L000072;TITULAIRE;contrat;C000072;tiers;T000115;TITULAIRE;100
L000073;TITULAIRE;contrat;C000073;tiers;T000242;TITULAIRE;100
L000074;TITULAIRE;contrat;C000074;tiers;T000347;TITULAIRE;100
L000075;TITULAIRE;contrat;C000075;tiers;T000494;TITULAIRE;100
L000076;TITULAIRE;contrat;C000076;tiers;T000443;TITULAIRE;100
L000077;TITULAIRE;contrat;C000077;tiers;T000241;TITULAIRE;100
L000078;TITULAIRE;contrat;C000078;tiers;T000291;TITULAIRE;100
L000079;TITULAIRE;contrat;C000079;tiers;T000288;TITULAIRE;100
L000080;TITULAIRE;contrat;C000080;tiers;T000028;TITULAIRE;100
L000081;TITULAIRE;contrat;C000081;tiers;T000081;TITULAIRE;100
L000082;TITULAIRE;contrat;C000082;tiers;T000365;TITULAIRE;100
L000083;TITULAIRE;contrat;C000083;tiers;T000043;TITULAIRE;100
L000084;TITULAIRE;contrat;C000084;tiers;T000031;TITULAIRE;100
L000085;TITULAIRE;contrat;C000085;tiers;T000131;TITULAIRE;100
L000086;TITULAIRE;contrat;C000086;tiers;T000360;TITULAIRE;100
L000087;TITULAIRE;contrat;C000087;tiers;T000142;TITULAIRE;100
L000088;TITULAIRE;contrat;C000088;tiers;T000487;TITULAIRE;100
L000089;TITULAIRE;contrat;C000089;tiers;T000283;TITULAIRE;100
L000090;TITULAIRE;contrat;C000090;tiers;T000026;TITULAIRE;100
L000091;TITULAIRE;contrat;C000091;tiers;T000373;TITULAIRE;100
L000092;TITULAIRE;contrat;C000092;tiers;T000254;TITULAIRE;100
L000093;TITULAIRE;contrat;C000093;tiers;T000089;TITULAIRE;100
L000094;TITULAIRE;contrat;C000094;tiers;T000425;TITULAIRE;100
L000095;TITULAIRE;contrat;C000095;tiers;T000337;TITULAIRE;100
L000096;TITULAIRE;contrat;C000096;tiers;T000180;TITULAIRE;100
L000097;TITULAIRE;contrat;C000097;tiers;T000363;TITULAIRE;100
L000098;TITULAIRE;contrat;C000098;tiers;T000017;TITULAIRE;100
L000099;TITULAIRE;contrat;C000099;tiers;T000370;TITULAIRE;100
L000100;TITULAIRE;contrat;C000100;tiers;T000030;TITULAIRE;100
L000101;TITULAIRE;contrat;C000101;tiers;T000103;TITULAIRE;100
L000102;TITULAIRE;contrat;C000102;tiers;T000267;TITULAIRE;100
L000103;TITULAIRE;contrat;C000103;tiers;T000012;TITULAIRE;100
L000104;TITULAIRE;contrat;C000104;tiers;T000032;TITULAIRE;100
L000105;TITULAIRE;contrat;C000105;tiers;T000104;TITULAIRE;100
L000106;TITULAIRE;contrat;C000106;tiers;T000041;TITULAIRE;100
L000107;TITULAIRE;contrat;C000107;tiers;T000317;TITULAIRE;100
L000108;TITULAIRE;contrat;C000108;tiers;T000166;TITULAIRE;100
L000109;TITULAIRE;contrat;C000109;tiers;T000222;TITULAIRE;100
L000110;TITULAIRE;contrat;C000110;tiers;T000076;TITULAIRE;100
L000111;TITULAIRE;contrat;C000111;tiers;T000191;TITULAIRE;100
L000112;TITULAIRE;contrat;C000112;tiers;T000353;TITULAIRE;100
L000113;TITULAIRE;contrat;C000113;tiers;T000369;TITULAIRE;100
L000114;TITULAIRE;contrat;C000114;tiers;T000009;TITULAIRE;100
L000115;TITULAIRE;contrat;C000115;tiers;T000177;TITULAIRE;100
L000116;TITULAIRE;contrat;C000116;tiers;T000278;TITULAIRE;100
L000117;TITULAIRE;contrat;C000117;tiers;T000028;TITULAIRE;100
L000118;TITULAIRE;contrat;C000118;tiers;T000343;TITULAIRE;100
L000119;TITULAIRE;contrat;C000119;tiers;T000226;TITULAIRE;100
L000120;TITULAIRE;contrat;C000120;tiers;T000235;TITULAIRE;100
L000121;TITULAIRE;contrat;C000121;tiers;T000239;TITULAIRE;100
L000122;TITULAIRE;contrat;C000122;tiers;T000184;TITULAIRE;100
L000123;TITULAIRE;contrat;C000123;tiers;T000263;TITULAIRE;100
L000124;TITULAIRE;contrat;C000124;tiers;T000236;TITULAIRE;100
L000125;TITULAIRE;contrat;C000125;tiers;T000404;TITULAIRE;100
L000126;TITULAIRE;contrat;C000126;tiers;T000251;TITULAIRE;100
L000127;TITULAIRE;contrat;C000127;tiers;T000300;TITULAIRE;100
L000128;TITULAIRE;contrat;C000128;tiers;T000447;TITULAIRE;100
L000129;TITULAIRE;contrat;C000129;tiers;T000429;TITULAIRE;100
L000130;TITULAIRE;contrat;C000130;tiers;T000351;TITULAIRE;100
L000131;TITULAIRE;contrat;C000131;tiers;T000174;TITULAIRE;100
L000132;TITULAIRE;contrat;C000132;tiers;T000117;TITULAIRE;100
L000133;TITULAIRE;contrat;C000133;tiers;T000325;TITULAIRE;100
L000134;TITULAIRE;contrat;C000134;tiers;T000151;TITULAIRE;100
L000135;TITULAIRE;contrat;C000135;tiers;T000306;TITULAIRE;100
L000136;TITULAIRE;contrat;C000136;tiers;T000129;TITULAIRE;100
L000137;TITULAIRE;contrat;C000137;tiers;T000308;TITULAIRE;100
L000138;TITULAIRE;contrat;C000138;tiers;T000007;TITULAIRE;100
L000139;TITULAIRE;contrat;C000139;tiers;T000461;TITULAIRE;100
L000140;TITULAIRE;contrat;C000140;tiers;T000457;TITULAIRE;100
L000141;TITULAIRE;contrat;C000141;tiers;T000416;TITULAIRE;100
L000142;TITULAIRE;contrat;C000142;tiers;T000385;TITULAIRE;100
L000143;TITULAIRE;contrat;C000143;tiers;T000223;TITULAIRE;100
L000144;TITULAIRE;contrat;C000144;tiers;T000230;TITULAIRE;100
L000145;TITULAIRE;contrat;C000145;tiers;T000346;TITULAIRE;100
L000146;TITULAIRE;contrat;C000146;tiers;T000075;TITULAIRE;100
L000147;TITULAIRE;contrat;C000147;tiers;T000195;TITULAIRE;100
L000148;TITULAIRE;contrat;C000148;tiers;T000313;TITULAIRE;100
L000149;TITULAIRE;contrat;C000149;tiers;T000133;TITULAIRE;100
L000150;TITULAIRE;contrat;C000150;tiers;T000259;TITULAIRE;100
L000151;TITULAIRE;contrat;C000151;tiers;T000061;TITULAIRE;100
L000152;TITULAIRE;contrat;C000152;tiers;T000069;TITULAIRE;100
L000153;TITULAIRE;contrat;C000153;tiers;T000236;TITULAIRE;100
L000154;TITULAIRE;contrat;C000154;tiers;T000068;TITULAIRE;100
L000155;TITULAIRE;contrat;C000155;tiers;T000416;TITULAIRE;100
L000156;TITULAIRE;contrat;C000156;tiers;T000101;TITULAIRE;100
L000157;TITULAIRE;contrat;C000157;tiers;T000366;TITULAIRE;100
L000158;TITULAIRE;contrat;C000158;tiers;T000153;TITULAIRE;100
L000159;TITULAIRE;contrat;C000159;tiers;T000316;TITULAIRE;100
L000160;TITULAIRE;contrat;C000160;tiers;T000266;TITULAIRE;100
L000161;TITULAIRE;contrat;C000161;tiers;T000208;TITULAIRE;100
L000162;TITULAIRE;contrat;C000162;tiers;T000386;TITULAIRE;100
L000163;TITULAIRE;contrat;C000163;tiers;T000425;TITULAIRE;100
L000164;TITULAIRE;contrat;C000164;tiers;T000236;TITULAIRE;100
L000165;TITULAIRE;contrat;C000165;tiers;T000199;TITULAIRE;100
L000166;TITULAIRE;contrat;C000166;tiers;T000274;TITULAIRE;100
L000167;TITULAIRE;contrat;C000167;tiers;T000336;TITULAIRE;100
L000168;TITULAIRE;contrat;C000168;tiers;T000413;TITULAIRE;100
L000169;TITULAIRE;contrat;C000169;tiers;T000415;TITULAIRE;100
L000170;TITULAIRE;contrat;C000170;tiers;T000145;TITULAIRE;100
L000171;TITULAIRE;contrat;C000171;tiers;T000378;TITULAIRE;100
L000172;TITULAIRE;contrat;C000172;tiers;T000187;TITULAIRE;100
L000173;TITULAIRE;contrat;C000173;tiers;T000034;TITULAIRE;100
L000174;TITULAIRE;contrat;C000174;tiers;T000274;TITULAIRE;100
L000175;TITULAIRE;contrat;C000175;tiers;T000032;TITULAIRE;100
L000176;TITULAIRE;contrat;C000176;tiers;T000265;TITULAIRE;100
L000177;TITULAIRE;contrat;C000177;tiers;T000025;TITULAIRE;100
L000178;TITULAIRE;contrat;C000178;tiers;T000391;TITULAIRE;100
L000179;TITULAIRE;contrat;C000179;tiers;T000440;TITULAIRE;100
L000180;TITULAIRE;contrat;C000180;tiers;T000249;TITULAIRE;100
L000181;TITULAIRE;contrat;C000181;tiers;T000488;TITULAIRE;100
L000182;TITULAIRE;contrat;C000182;tiers;T000168;TITULAIRE;100
L000183;TITULAIRE;contrat;C000183;tiers;T000025;TITULAIRE;100
L000184;TITULAIRE;contrat;C000184;tiers;T000427;TITULAIRE;100
L000185;TITULAIRE;contrat;C000185;tiers;T000204;TITULAIRE;100
L000186;TITULAIRE;contrat;C000186;tiers;T000128;TITULAIRE;100
L000187;TITULAIRE;contrat;C000187;tiers;T000316;TITULAIRE;100
L000188;TITULAIRE;contrat;C000188;tiers;T000307;TITULAIRE;100
L000189;TITULAIRE;contrat;C000189;tiers;T000071;TITULAIRE;100
L000190;TITULAIRE;contrat;C000190;tiers;T000389;TITULAIRE;100
L000191;TITULAIRE;contrat;C000191;tiers;T000327;TITULAIRE;100
L000192;TITULAIRE;contrat;C000192;tiers;T000004;TITULAIRE;100
L000193;TITULAIRE;contrat;C000193;tiers;T000342;TITULAIRE;100
L000194;TITULAIRE;contrat;C000194;tiers;T000141;TITULAIRE;100
L000195;TITULAIRE;contrat;C000195;tiers;T000227;TITULAIRE;100
L000196;TITULAIRE;contrat;C000196;tiers;T000197;TITULAIRE;100
L000197;TITULAIRE;contrat;C000197;tiers;T000148;TITULAIRE;100
L000198;TITULAIRE;contrat;C000198;tiers;T000096;TITULAIRE;100
L000199;TITULAIRE;contrat;C000199;tiers;T000144;TITULAIRE;100
L000200;TITULAIRE;contrat;C000200;tiers;T000009;TITULAIRE;100
L000201;TITULAIRE;contrat;C000201;tiers;T000184;TITULAIRE;100
L000202;TITULAIRE;contrat;C000202;tiers;T000419;TITULAIRE;100
L000203;TITULAIRE;contrat;C000203;tiers;T000299;TITULAIRE;100
L000204;TITULAIRE;contrat;C000204;tiers;T000167;TITULAIRE;100
L000205;TITULAIRE;contrat;C000205;tiers;T000483;TITULAIRE;100
L000206;TITULAIRE;contrat;C000206;tiers;T000477;TITULAIRE;100
L000207;TITULAIRE;contrat;C000207;tiers;T000415;TITULAIRE;100
L000208;TITULAIRE;contrat;C000208;tiers;T000336;TITULAIRE;100
L000209;TITULAIRE;contrat;C000209;tiers;T000407;TITULAIRE;100
L000210;TITULAIRE;contrat;C000210;tiers;T000140;TITULAIRE;100
L000211;TITULAIRE;contrat;C000211;tiers;T000225;TITULAIRE;100
L000212;TITULAIRE;contrat;C000212;tiers;T000233;TITULAIRE;100
L000213;TITULAIRE;contrat;C000213;tiers;T000452;TITULAIRE;100
L000214;TITULAIRE;contrat;C000214;tiers;T000324;TITULAIRE;100
L000215;TITULAIRE;contrat;C000215;tiers;T000023;TITULAIRE;100
L000216;TITULAIRE;contrat;C000216;tiers;T000231;TITULAIRE;100
L000217;TITULAIRE;contrat;C000217;tiers;T000147;TITULAIRE;100
L000218;TITULAIRE;contrat;C000218;tiers;T000319;TITULAIRE;100
L000219;TITULAIRE;contrat;C000219;tiers;T000110;TITULAIRE;100
L000220;TITULAIRE;contrat;C000220;tiers;T000077;TITULAIRE;100
L000221;TITULAIRE;contrat;C000221;tiers;T000192;TITULAIRE;100
L000222;TITULAIRE;contrat;C000222;tiers;T000423;TITULAIRE;100
L000223;TITULAIRE;contrat;C000223;tiers;T000341;TITULAIRE;100
L000224;TITULAIRE;contrat;C000224;tiers;T000419;TITULAIRE;100
L000225;TITULAIRE;contrat;C000225;tiers;T000126;TITULAIRE;100
L000226;TITULAIRE;contrat;C000226;tiers;T000001;TITULAIRE;100
L000227;TITULAIRE;contrat;C000227;tiers;T000172;TITULAIRE;100
L000228;TITULAIRE;contrat;C000228;tiers;T000081;TITULAIRE;100
L000229;TITULAIRE;contrat;C000229;tiers;T000383;TITULAIRE;100
L000230;TITULAIRE;contrat;C000230;tiers;T000395;TITULAIRE;100
L000231;TITULAIRE;contrat;C000231;tiers;T000334;TITULAIRE;100
L000232;TITULAIRE;contrat;C000232;tiers;T000419;TITULAIRE;100
L000233;TITULAIRE;contrat;C000233;tiers;T000213;TITULAIRE;100
L000234;TITULAIRE;contrat;C000234;tiers;T000364;TITULAIRE;100
L000235;TITULAIRE;contrat;C000235;tiers;T000226;TITULAIRE;100
L000236;TITULAIRE;contrat;C000236;tiers;T000150;TITULAIRE;100
L000237;TITULAIRE;contrat;C000237;tiers;T000316;TITULAIRE;100
L000238;TITULAIRE;contrat;C000238;tiers;T000195;TITULAIRE;100
L000239;TITULAIRE;contrat;C000239;tiers;T000395;TITULAIRE;100
L000240;TITULAIRE;contrat;C000240;tiers;T000192;TITULAIRE;100
L000241;TITULAIRE;contrat;C000241;tiers;T000304;TITULAIRE;100
L000242;TITULAIRE;contrat;C000242;tiers;T000465;TITULAIRE;100
L000243;TITULAIRE;contrat;C000243;tiers;T000395;TITULAIRE;100
L000244;TITULAIRE;contrat;C000244;tiers;T000454;TITULAIRE;100
L000245;TITULAIRE;contrat;C000245;tiers;T000058;TITULAIRE;100
L000246;TITULAIRE;contrat;C000246;tiers;T000280;TITULAIRE;100
L000247;TITULAIRE;contrat;C000247;tiers;T000124;TITULAIRE;100
L000248;TITULAIRE;contrat;C000248;tiers;T000002;TITULAIRE;100
L000249;TITULAIRE;contrat;C000249;tiers;T000473;TITULAIRE;100
L000250;TITULAIRE;contrat;C000250;tiers;T000465;TITULAIRE;100
L000251;TITULAIRE;contrat;C000251;tiers;T000260;TITULAIRE;100
L000252;TITULAIRE;contrat;C000252;tiers;T000020;TITULAIRE;100
L000253;TITULAIRE;contrat;C000253;tiers;T000032;TITULAIRE;100
L000254;TITULAIRE;contrat;C000254;tiers;T000419;TITULAIRE;100
L000255;TITULAIRE;contrat;C000255;tiers;T000170;TITULAIRE;100
L000256;TITULAIRE;contrat;C000256;tiers;T000129;TITULAIRE;100
L000257;TITULAIRE;contrat;C000257;tiers;T000243;TITULAIRE;100
L000258;TITULAIRE;contrat;C000258;tiers;T000160;TITULAIRE;100
L000259;TITULAIRE;contrat;C000259;tiers;T000226;TITULAIRE;100
L000260;TITULAIRE;contrat;C000260;tiers;T000084;TITULAIRE;100
L000261;TITULAIRE;contrat;C000261;tiers;T000278;TITULAIRE;100
L000262;TITULAIRE;contrat;C000262;tiers;T000238;TITULAIRE;100
L000263;TITULAIRE;contrat;C000263;tiers;T000122;TITULAIRE;100
L000264;TITULAIRE;contrat;C000264;tiers;T000314;TITULAIRE;100
L000265;TITULAIRE;contrat;C000265;tiers;T000488;TITULAIRE;100
L000266;TITULAIRE;contrat;C000266;tiers;T000045;TITULAIRE;100
L000267;TITULAIRE;contrat;C000267;tiers;T000188;TITULAIRE;100
L000268;TITULAIRE;contrat;C000268;tiers;T000151;TITULAIRE;100
L000269;TITULAIRE;contrat;C000269;tiers;T000037;TITULAIRE;100
L000270;TITULAIRE;contrat;C000270;tiers;T000425;TITULAIRE;100
L000271;TITULAIRE;contrat;C000271;tiers;T000342;TITULAIRE;100
L000272;TITULAIRE;contrat;C000272;tiers;T000144;TITULAIRE;100
L000273;TITULAIRE;contrat;C000273;tiers;T000108;TITULAIRE;100
L000274;TITULAIRE;contrat;C000274;tiers;T000154;TITULAIRE;100
L000275;TITULAIRE;contrat;C000275;tiers;T000471;TITULAIRE;100
L000276;TITULAIRE;contrat;C000276;tiers;T000003;TITULAIRE;100
L000277;TITULAIRE;contrat;C000277;tiers;T000386;TITULAIRE;100
L000278;TITULAIRE;contrat;C000278;tiers;T000051;TITULAIRE;100
L000279;TITULAIRE;contrat;C000279;tiers;T000395;TITULAIRE;100
L000280;TITULAIRE;contrat;C000280;tiers;T000132;TITULAIRE;100
L000281;TITULAIRE;contrat;C000281;tiers;T000078;TITULAIRE;100
L000282;TITULAIRE;contrat;C000282;tiers;T000144;TITULAIRE;100
L000283;TITULAIRE;contrat;C000283;tiers;T000160;TITULAIRE;100
L000284;TITULAIRE;contrat;C000284;tiers;T000467;TITULAIRE;100
L000285;TITULAIRE;contrat;C000285;tiers;T000198;TITULAIRE;100
L000286;TITULAIRE;contrat;C000286;tiers;T000417;TITULAIRE;100
L000287;TITULAIRE;contrat;C000287;tiers;T000467;TITULAIRE;100
L000288;TITULAIRE;contrat;C000288;tiers;T000378;TITULAIRE;100
L000289;TITULAIRE;contrat;C000289;tiers;T000159;TITULAIRE;100
L000290;TITULAIRE;contrat;C000290;tiers;T000261;TITULAIRE;100
L000291;TITULAIRE;contrat;C000291;tiers;T000362;TITULAIRE;100
L000292;TITULAIRE;contrat;C000292;tiers;T000470;TITULAIRE;100
L000293;TITULAIRE;contrat;C000293;tiers;T000029;TITULAIRE;100
L000294;TITULAIRE;contrat;C000294;tiers;T000224;TITULAIRE;100
L000295;TITULAIRE;contrat;C000295;tiers;T000351;TITULAIRE;100
L000296;TITULAIRE;contrat;C000296;tiers;T000435;TITULAIRE;100
L000297;TITULAIRE;contrat;C000297;tiers;T000028;TITULAIRE;100
L000298;TITULAIRE;contrat;C000298;tiers;T000009;TITULAIRE;100
L000299;TITULAIRE;contrat;C000299;tiers;T000155;TITULAIRE;100
L000300;TITULAIRE;contrat;C000300;tiers;T000421;TITULAIRE;100
L000301;TITULAIRE;contrat;C000301;tiers;T000159;TITULAIRE;100
L000302;TITULAIRE;contrat;C000302;tiers;T000445;TITULAIRE;100
L000303;TITULAIRE;contrat;C000303;tiers;T000489;TITULAIRE;100
L000304;TITULAIRE;contrat;C000304;tiers;T000208;TITULAIRE;100
L000305;TITULAIRE;contrat;C000305;tiers;T000329;TITULAIRE;100
L000306;TITULAIRE;contrat;C000306;tiers;T000218;TITULAIRE;100
L000307;TITULAIRE;contrat;C000307;tiers;T000041;TITULAIRE;100
L000308;TITULAIRE;contrat;C000308;tiers;T000101;TITULAIRE;100
L000309;TITULAIRE;contrat;C000309;tiers;T000117;TITULAIRE;100
L000310;TITULAIRE;contrat;C000310;tiers;T000257;TITULAIRE;100
L000311;TITULAIRE;contrat;C000311;tiers;T000483;TITULAIRE;100
L000312;TITULAIRE;contrat;C000312;tiers;T000366;TITULAIRE;100
L000313;TITULAIRE;contrat;C000313;tiers;T000462;TITULAIRE;100
L000314;TITULAIRE;contrat;C000314;tiers;T000246;TITULAIRE;100
L000315;TITULAIRE;contrat;C000315;tiers;T000351;TITULAIRE;100
L000316;TITULAIRE;contrat;C000316;tiers;T000333;TITULAIRE;100
L000317;TITULAIRE;contrat;C000317;tiers;T000195;TITULAIRE;100
L000318;TITULAIRE;contrat;C000318;tiers;T000468;TITULAIRE;100
L000319;TITULAIRE;contrat;C000319;tiers;T000297;TITULAIRE;100
L000320;TITULAIRE;contrat;C000320;tiers;T000269;TITULAIRE;100
L000321;TITULAIRE;contrat;C000321;tiers;T000431;TITULAIRE;100
L000322;TITULAIRE;contrat;C000322;tiers;T000099;TITULAIRE;100
L000323;TITULAIRE;contrat;C000323;tiers;T000434;TITULAIRE;100
L000324;TITULAIRE;contrat;C000324;tiers;T000289;TITULAIRE;100
L000325;TITULAIRE;contrat;C000325;tiers;T000069;TITULAIRE;100
L000326;TITULAIRE;contrat;C000326;tiers;T000350;TITULAIRE;100
L000327;TITULAIRE;contrat;C000327;tiers;T000150;TITULAIRE;100
L000328;TITULAIRE;contrat;C000328;tiers;T000414;TITULAIRE;100
L000329;TITULAIRE;contrat;C000329;tiers;T000441;TITULAIRE;100
L000330;TITULAIRE;contrat;C000330;tiers;T000328;TITULAIRE;100
L000331;TITULAIRE;contrat;C000331;tiers;T000118;TITULAIRE;100
L000332;TITULAIRE;contrat;C000332;tiers;T000096;TITULAIRE;100
L000333;TITULAIRE;contrat;C000333;tiers;T000036;TITULAIRE;100
L000334;TITULAIRE;contrat;C000334;tiers;T000343;TITULAIRE;100
L000335;TITULAIRE;contrat;C000335;tiers;T000450;TITULAIRE;100
L000336;TITULAIRE;contrat;C000336;tiers;T000416;TITULAIRE;100
L000337;TITULAIRE;contrat;C000337;tiers;T000449;TITULAIRE;100
L000338;TITULAIRE;contrat;C000338;tiers;T000247;TITULAIRE;100
L000339;TITULAIRE;contrat;C000339;tiers;T000353;TITULAIRE;100
L000340;TITULAIRE;contrat;C000340;tiers;T000324;TITULAIRE;100
L000341;TITULAIRE;contrat;C000341;tiers;T000334;TITULAIRE;100
L000342;TITULAIRE;contrat;C000342;tiers;T000209;TITULAIRE;100
L000343;TITULAIRE;contrat;C000343;tiers;T000146;TITULAIRE;100
L000344;TITULAIRE;contrat;C000344;tiers;T000441;TITULAIRE;100
L000345;TITULAIRE;contrat;C000345;tiers;T000297;TITULAIRE;100
L000346;TITULAIRE;contrat;C000346;tiers;T000111;TITULAIRE;100
L000347;TITULAIRE;contrat;C000347;tiers;T000125;TITULAIRE;100
L000348;TITULAIRE;contrat;C000348;tiers;T000294;TITULAIRE;100
L000349;TITULAIRE;contrat;C000349;tiers;T000140;TITULAIRE;100
L000350;TITULAIRE;contrat;C000350;tiers;T000011;TITULAIRE;100
L000351;TITULAIRE;contrat;C000351;tiers;T000270;TITULAIRE;100
L000352;TITULAIRE;contrat;C000352;tiers;T000077;TITULAIRE;100
L000353;TITULAIRE;contrat;C000353;tiers;T000305;TITULAIRE;100
L000354;TITULAIRE;contrat;C000354;tiers;T000352;TITULAIRE;100
L000355;TITULAIRE;contrat;C000355;tiers;T000176;TITULAIRE;100
L000356;TITULAIRE;contrat;C000356;tiers;T000288;TITULAIRE;100
L000357;TITULAIRE;contrat;C000357;tiers;T000393;TITULAIRE;100
L000358;TITULAIRE;contrat;C000358;tiers;T000240;TITULAIRE;100
L000359;TITULAIRE;contrat;C000359;tiers;T000009;TITULAIRE;100
L000360;TITULAIRE;contrat;C000360;tiers;T000357;TITULAIRE;100
L000361;TITULAIRE;contrat;C000361;tiers;T000363;TITULAIRE;100
L000362;TITULAIRE;contrat;C000362;tiers;T000496;TITULAIRE;100
L000363;TITULAIRE;contrat;C000363;tiers;T000389;TITULAIRE;100
L000364;TITULAIRE;contrat;C000364;tiers;T000118;TITULAIRE;100
L000365;TITULAIRE;contrat;C000365;tiers;T000488;TITULAIRE;100
L000366;TITULAIRE;contrat;C000366;tiers;T000022;TITULAIRE;100
L000367;TITULAIRE;contrat;C000367;tiers;T000443;TITULAIRE;100
L000368;TITULAIRE;contrat;C000368;tiers;T000124;TITULAIRE;100
L000369;TITULAIRE;contrat;C000369;tiers;T000175;TITULAIRE;100
L000370;TITULAIRE;contrat;C000370;tiers;T000133;TITULAIRE;100
L000371;TITULAIRE;contrat;C000371;tiers;T000229;TITULAIRE;100
L000372;TITULAIRE;contrat;C000372;tiers;T000295;TITULAIRE;100
L000373;TITULAIRE;contrat;C000373;tiers;T000076;TITULAIRE;100
L000374;TITULAIRE;contrat;C000374;tiers;T000438;TITULAIRE;100
L000375;TITULAIRE;contrat;C000375;tiers;T000277;TITULAIRE;100
L000376;TITULAIRE;contrat;C000376;tiers;T000338;TITULAIRE;100
L000377;TITULAIRE;contrat;C000377;tiers;T000231;TITULAIRE;100
L000378;TITULAIRE;contrat;C000378;tiers;T000489;TITULAIRE;100
L000379;TITULAIRE;contrat;C000379;tiers;T000226;TITULAIRE;100
L000380;TITULAIRE;contrat;C000380;tiers;T000279;TITULAIRE;100
L000381;TITULAIRE;contrat;C000381;tiers;T000213;TITULAIRE;100
L000382;TITULAIRE;contrat;C000382;tiers;T000284;TITULAIRE;100
L000383;TITULAIRE;contrat;C000383;tiers;T000287;TITULAIRE;100
L000384;TITULAIRE;contrat;C000384;tiers;T000095;TITULAIRE;100
L000385;TITULAIRE;contrat;C000385;tiers;T000183;TITULAIRE;100
L000386;TITULAIRE;contrat;C000386;tiers;T000458;TITULAIRE;100
L000387;TITULAIRE;contrat;C000387;tiers;T000447;TITULAIRE;100
L000388;TITULAIRE;contrat;C000388;tiers;T000299;TITULAIRE;100
L000389;TITULAIRE;contrat;C000389;tiers;T000363;TITULAIRE;100
L000390;TITULAIRE;contrat;C000390;tiers;T000161;TITULAIRE;100
L000391;TITULAIRE;contrat;C000391;tiers;T000282;TITULAIRE;100
L000392;TITULAIRE;contrat;C000392;tiers;T000481;TITULAIRE;100
L000393;TITULAIRE;contrat;C000393;tiers;T000409;TITULAIRE;100
L000394;TITULAIRE;contrat;C000394;tiers;T000017;TITULAIRE;100
L000395;TITULAIRE;contrat;C000395;tiers;T000176;TITULAIRE;100
L000396;TITULAIRE;contrat;C000396;tiers;T000447;TITULAIRE;100
L000397;TITULAIRE;contrat;C000397;tiers;T000435;TITULAIRE;100
L000398;TITULAIRE;contrat;C000398;tiers;T000099;TITULAIRE;100
L000399;TITULAIRE;contrat;C000399;tiers;T000386;TITULAIRE;100
L000400;TITULAIRE;contrat;C000400;tiers;T000327;TITULAIRE;100
L000401;TITULAIRE;contrat;C000401;tiers;T000474;TITULAIRE;100
L000402;TITULAIRE;contrat;C000402;tiers;T000455;TITULAIRE;100
L000403;TITULAIRE;contrat;C000403;tiers;T000471;TITULAIRE;100
L000404;TITULAIRE;contrat;C000404;tiers;T000196;TITULAIRE;100
L000405;TITULAIRE;contrat;C000405;tiers;T000461;TITULAIRE;100
L000406;TITULAIRE;contrat;C000406;tiers;T000417;TITULAIRE;100
L000407;TITULAIRE;contrat;C000407;tiers;T000128;TITULAIRE;100
L000408;TITULAIRE;contrat;C000408;tiers;T000415;TITULAIRE;100
L000409;TITULAIRE;contrat;C000409;tiers;T000254;TITULAIRE;100
L000410;TITULAIRE;contrat;C000410;tiers;T000058;TITULAIRE;100
L000411;TITULAIRE;contrat;C000411;tiers;T000228;TITULAIRE;100
L000412;TITULAIRE;contrat;C000412;tiers;T000063;TITULAIRE;100
L000413;TITULAIRE;contrat;C000413;tiers;T000116;TITULAIRE;100
L000414;TITULAIRE;contrat;C000414;tiers;T000498;TITULAIRE;100
L000415;TITULAIRE;contrat;C000415;tiers;T000274;TITULAIRE;100
L000416;TITULAIRE;contrat;C000416;tiers;T000486;TITULAIRE;100
L000417;TITULAIRE;contrat;C000417;tiers;T000461;TITULAIRE;100
L000418;TITULAIRE;contrat;C000418;tiers;T000145;TITULAIRE;100
L000419;TITULAIRE;contrat;C000419;tiers;T000141;TITULAIRE;100
L000420;TITULAIRE;contrat;C000420;tiers;T000489;TITULAIRE;100
L000421;TITULAIRE;contrat;C000421;tiers;T000116;TITULAIRE;100
L000422;TITULAIRE;contrat;C000422;tiers;T000157;TITULAIRE;100
L000423;TITULAIRE;contrat;C000423;tiers;T000412;TITULAIRE;100
L000424;TITULAIRE;contrat;C000424;tiers;T000154;TITULAIRE;100
L000425;TITULAIRE;contrat;C000425;tiers;T000293;TITULAIRE;100
L000426;TITULAIRE;contrat;C000426;tiers;T000361;TITULAIRE;100
L000427;TITULAIRE;contrat;C000427;tiers;T000183;TITULAIRE;100
L000428;TITULAIRE;contrat;C000428;tiers;T000367;TITULAIRE;100
L000429;TITULAIRE;contrat;C000429;tiers;T000240;TITULAIRE;100
L000430;TITULAIRE;contrat;C000430;tiers;T000405;TITULAIRE;100
L000431;TITULAIRE;contrat;C000431;tiers;T000232;TITULAIRE;100
L000432;TITULAIRE;contrat;C000432;tiers;T000264;TITULAIRE;100
L000433;TITULAIRE;contrat;C000433;tiers;T000228;TITULAIRE;100
L000434;TITULAIRE;contrat;C000434;tiers;T000160;TITULAIRE;100
L000435;TITULAIRE;contrat;C000435;tiers;T000484;TITULAIRE;100
L000436;TITULAIRE;contrat;C000436;tiers;T000405;TITULAIRE;100
L000437;TITULAIRE;contrat;C000437;tiers;T000258;TITULAIRE;100
L000438;TITULAIRE;contrat;C000438;tiers;T000205;TITULAIRE;100
L000439;TITULAIRE;contrat;C000439;tiers;T000219;TITULAIRE;100
L000440;TITULAIRE;contrat;C000440;tiers;T000250;TITULAIRE;100
L000441;TITULAIRE;contrat;C000441;tiers;T000041;TITULAIRE;100
L000442;TITULAIRE;contrat;C000442;tiers;T000332;TITULAIRE;100
L000443;TITULAIRE;contrat;C000443;tiers;T000241;TITULAIRE;100
L000444;TITULAIRE;contrat;C000444;tiers;T000024;TITULAIRE;100
L000445;TITULAIRE;contrat;C000445;tiers;T000171;TITULAIRE;100
L000446;TITULAIRE;contrat;C000446;tiers;T000261;TITULAIRE;100
L000447;TITULAIRE;contrat;C000447;tiers;T000208;TITULAIRE;100
L000448;TITULAIRE;contrat;C000448;tiers;T000289;TITULAIRE;100
L000449;TITULAIRE;contrat;C000449;tiers;T000347;TITULAIRE;100
L000450;TITULAIRE;contrat;C000450;tiers;T000077;TITULAIRE;100
L000451;TITULAIRE;contrat;C000451;tiers;T000476;TITULAIRE;100
L000452;TITULAIRE;contrat;C000452;tiers;T000034;TITULAIRE;100
L000453;TITULAIRE;contrat;C000453;tiers;T000091;TITULAIRE;100
L000454;TITULAIRE;contrat;C000454;tiers;T000350;TITULAIRE;100
L000455;TITULAIRE;contrat;C000455;tiers;T000043;TITULAIRE;100
L000456;TITULAIRE;contrat;C000456;tiers;T000276;TITULAIRE;100
L000457;TITULAIRE;contrat;C000457;tiers;T000170;TITULAIRE;100
L000458;TITULAIRE;contrat;C000458;tiers;T000268;TITULAIRE;100
L000459;TITULAIRE;contrat;C000459;tiers;T000008;TITULAIRE;100
L000460;TITULAIRE;contrat;C000460;tiers;T000097;TITULAIRE;100
L000461;TITULAIRE;contrat;C000461;tiers;T000100;TITULAIRE;100
L000462;TITULAIRE;contrat;C000462;tiers;T000028;TITULAIRE;100
L000463;TITULAIRE;contrat;C000463;tiers;T000434;TITULAIRE;100
L000464;TITULAIRE;contrat;C000464;tiers;T000096;TITULAIRE;100
L000465;TITULAIRE;contrat;C000465;tiers;T000219;TITULAIRE;100
L000466;TITULAIRE;contrat;C000466;tiers;T000060;TITULAIRE;100
L000467;TITULAIRE;contrat;C000467;tiers;T000299;TITULAIRE;100
L000468;TITULAIRE;contrat;C000468;tiers;T000322;TITULAIRE;100
L000469;TITULAIRE;contrat;C000469;tiers;T000001;TITULAIRE;100
L000470;TITULAIRE;contrat;C000470;tiers;T000040;TITULAIRE;100
L000471;TITULAIRE;contrat;C000471;tiers;T000435;TITULAIRE;100
L000472;TITULAIRE;contrat;C000472;tiers;T000163;TITULAIRE;100
L000473;TITULAIRE;contrat;C000473;tiers;T000322;TITULAIRE;100
L000474;TITULAIRE;contrat;C000474;tiers;T000272;TITULAIRE;100
L000475;TITULAIRE;contrat;C000475;tiers;T000453;TITULAIRE;100
L000476;TITULAIRE;contrat;C000476;tiers;T000250;TITULAIRE;100
L000477;TITULAIRE;contrat;C000477;tiers;T000019;TITULAIRE;100
L000478;TITULAIRE;contrat;C000478;tiers;T000231;TITULAIRE;100
L000479;TITULAIRE;contrat;C000479;tiers;T000146;TITULAIRE;100
L000480;TITULAIRE;contrat;C000480;tiers;T000337;TITULAIRE;100
L000481;TITULAIRE;contrat;C000481;tiers;T000320;TITULAIRE;100
L000482;TITULAIRE;contrat;C000482;tiers;T000322;TITULAIRE;100
L000483;TITULAIRE;contrat;C000483;tiers;T000050;TITULAIRE;100
L000484;TITULAIRE;contrat;C000484;tiers;T000274;TITULAIRE;100
L000485;TITULAIRE;contrat;C000485;tiers;T000394;TITULAIRE;100
L000486;TITULAIRE;contrat;C000486;tiers;T000447;TITULAIRE;100
L000487;TITULAIRE;contrat;C000487;tiers;T000212;TITULAIRE;100
L000488;TITULAIRE;contrat;C000488;tiers;T000276;TITULAIRE;100
L000489;TITULAIRE;contrat;C000489;tiers;T000225;TITULAIRE;100
L000490;TITULAIRE;contrat;C000490;tiers;T000423;TITULAIRE;100
L000491;TITULAIRE;contrat;C000491;tiers;T000320;TITULAIRE;100
L000492;TITULAIRE;contrat;C000492;tiers;T000151;TITULAIRE;100
L000493;TITULAIRE;contrat;C000493;tiers;T000310;TITULAIRE;100
L000494;TITULAIRE;contrat;C000494;tiers;T000128;TITULAIRE;100
L000495;TITULAIRE;contrat;C000495;tiers;T000079;TITULAIRE;100
L000496;TITULAIRE;contrat;C000496;tiers;T000456;TITULAIRE;100
L000497;TITULAIRE;contrat;C000497;tiers;T000170;TITULAIRE;100
L000498;TITULAIRE;contrat;C000498;tiers;T000036;TITULAIRE;100
L000499;TITULAIRE;contrat;C000499;tiers;T000234;TITULAIRE;100
L000500;TITULAIRE;contrat;C000500;tiers;T000013;TITULAIRE;100
L000501;TITULAIRE;contrat;C000501;tiers;T000005;TITULAIRE;100
L000502;TITULAIRE;contrat;C000502;tiers;T000146;TITULAIRE;100
L000503;TITULAIRE;contrat;C000503;tiers;T000168;TITULAIRE;100
L000504;TITULAIRE;contrat;C000504;tiers;T000362;TITULAIRE;100
L000505;TITULAIRE;contrat;C000505;tiers;T000084;TITULAIRE;100
L000506;TITULAIRE;contrat;C000506;tiers;T000141;TITULAIRE;100
L000507;TITULAIRE;contrat;C000507;tiers;T000438;TITULAIRE;100
L000508;TITULAIRE;contrat;C000508;tiers;T000279;TITULAIRE;100
L000509;TITULAIRE;contrat;C000509;tiers;T000323;TITULAIRE;100
L000510;TITULAIRE;contrat;C000510;tiers;T000012;TITULAIRE;100
L000511;TITULAIRE;contrat;C000511;tiers;T000099;TITULAIRE;100
L000512;TITULAIRE;contrat;C000512;tiers;T000460;TITULAIRE;100
L000513;TITULAIRE;contrat;C000513;tiers;T000438;TITULAIRE;100
L000514;TITULAIRE;contrat;C000514;tiers;T000072;TITULAIRE;100
L000515;TITULAIRE;contrat;C000515;tiers;T000004;TITULAIRE;100
L000516;TITULAIRE;contrat;C000516;tiers;T000379;TITULAIRE;100
L000517;TITULAIRE;contrat;C000517;tiers;T000345;TITULAIRE;100
L000518;TITULAIRE;contrat;C000518;tiers;T000070;TITULAIRE;100
L000519;TITULAIRE;contrat;C000519;tiers;T000345;TITULAIRE;100
L000520;TITULAIRE;contrat;C000520;tiers;T000427;TITULAIRE;100
L000521;TITULAIRE;contrat;C000521;tiers;T000353;TITULAIRE;100
L000522;TITULAIRE;contrat;C000522;tiers;T000114;TITULAIRE;100
L000523;TITULAIRE;contrat;C000523;tiers;T000390;TITULAIRE;100
L000524;TITULAIRE;contrat;C000524;tiers;T000473;TITULAIRE;100
L000525;TITULAIRE;contrat;C000525;tiers;T000299;TITULAIRE;100
L000526;TITULAIRE;contrat;C000526;tiers;T000121;TITULAIRE;100
L000527;TITULAIRE;contrat;C000527;tiers;T000277;TITULAIRE;100
L000528;TITULAIRE;contrat;C000528;tiers;T000496;TITULAIRE;100
L000529;TITULAIRE;contrat;C000529;tiers;T000111;TITULAIRE;100
L000530;TITULAIRE;contrat;C000530;tiers;T000263;TITULAIRE;100
L000531;TITULAIRE;contrat;C000531;tiers;T000044;TITULAIRE;100
L000532;TITULAIRE;contrat;C000532;tiers;T000267;TITULAIRE;100
L000533;TITULAIRE;contrat;C000533;tiers;T000445;TITULAIRE;100
L000534;TITULAIRE;contrat;C000534;tiers;T000171;TITULAIRE;100
L000535;TITULAIRE;contrat;C000535;tiers;T000115;TITULAIRE;100
L000536;TITULAIRE;contrat;C000536;tiers;T000211;TITULAIRE;100
L000537;TITULAIRE;contrat;C000537;tiers;T000394;TITULAIRE;100
L000538;TITULAIRE;contrat;C000538;tiers;T000475;TITULAIRE;100
L000539;TITULAIRE;contrat;C000539;tiers;T000177;TITULAIRE;100
L000540;TITULAIRE;contrat;C000540;tiers;T000026;TITULAIRE;100
L000541;TITULAIRE;contrat;C000541;tiers;T000077;TITULAIRE;100
L000542;TITULAIRE;contrat;C000542;tiers;T000058;TITULAIRE;100
L000543;TITULAIRE;contrat;C000543;tiers;T000212;TITULAIRE;100
L000544;TITULAIRE;contrat;C000544;tiers;T000398;TITULAIRE;100
L000545;TITULAIRE;contrat;C000545;tiers;T000382;TITULAIRE;100
L000546;TITULAIRE;contrat;C000546;tiers;T000454;TITULAIRE;100
L000547;TITULAIRE;contrat;C000547;tiers;T000208;TITULAIRE;100
L000548;TITULAIRE;contrat;C000548;tiers;T000164;TITULAIRE;100
L000549;TITULAIRE;contrat;C000549;tiers;T000232;TITULAIRE;100
L000550;TITULAIRE;contrat;C000550;tiers;T000291;TITULAIRE;100
L000551;TITULAIRE;contrat;C000551;tiers;T000323;TITULAIRE;100
L000552;TITULAIRE;contrat;C000552;tiers;T000370;TITULAIRE;100
L000553;TITULAIRE;contrat;C000553;tiers;T000175;TITULAIRE;100
L000554;TITULAIRE;contrat;C000554;tiers;T000225;TITULAIRE;100
L000555;TITULAIRE;contrat;C000555;tiers;T000476;TITULAIRE;100
L000556;TITULAIRE;contrat;C000556;tiers;T000124;TITULAIRE;100
L000557;TITULAIRE;contrat;C000557;tiers;T000290;TITULAIRE;100
L000558;TITULAIRE;contrat;C000558;tiers;T000410;TITULAIRE;100
L000559;TITULAIRE;contrat;C000559;tiers;T000441;TITULAIRE;100
L000560;TITULAIRE;contrat;C000560;tiers;T000440;TITULAIRE;100
L000561;TITULAIRE;contrat;C000561;tiers;T000322;TITULAIRE;100
L000562;TITULAIRE;contrat;C000562;tiers;T000312;TITULAIRE;100
L000563;TITULAIRE;contrat;C000563;tiers;T000141;TITULAIRE;100
L000564;TITULAIRE;contrat;C000564;tiers;T000439;TITULAIRE;100
L000565;TITULAIRE;contrat;C000565;tiers;T000137;TITULAIRE;100
L000566;TITULAIRE;contrat;C000566;tiers;T000306;TITULAIRE;100
L000567;TITULAIRE;contrat;C000567;tiers;T000244;TITULAIRE;100
L000568;TITULAIRE;contrat;C000568;tiers;T000369;TITULAIRE;100
L000569;TITULAIRE;contrat;C000569;tiers;T000243;TITULAIRE;100
L000570;TITULAIRE;contrat;C000570;tiers;T000300;TITULAIRE;100
L000571;TITULAIRE;contrat;C000571;tiers;T000428;TITULAIRE;100
L000572;TITULAIRE;contrat;C000572;tiers;T000119;TITULAIRE;100
L000573;TITULAIRE;contrat;C000573;tiers;T000040;TITULAIRE;100
L000574;TITULAIRE;contrat;C000574;tiers;T000447;TITULAIRE;100
L000575;TITULAIRE;contrat;C000575;tiers;T000080;TITULAIRE;100
L000576;TITULAIRE;contrat;C000576;tiers;T000311;TITULAIRE;100
L000577;TITULAIRE;contrat;C000577;tiers;T000254;TITULAIRE;100
L000578;TITULAIRE;contrat;C000578;tiers;T000075;TITULAIRE;100
L000579;TITULAIRE;contrat;C000579;tiers;T000076;TITULAIRE;100
L000580;TITULAIRE;contrat;C000580;tiers;T000045;TITULAIRE;100
L000581;TITULAIRE;contrat;C000581;tiers;T000411;TITULAIRE;100
L000582;TITULAIRE;contrat;C000582;tiers;T000273;TITULAIRE;100
L000583;TITULAIRE;contrat;C000583;tiers;T000152;TITULAIRE;100
L000584;TITULAIRE;contrat;C000584;tiers;T000477;TITULAIRE;100
L000585;TITULAIRE;contrat;C000585;tiers;T000232;TITULAIRE;100
L000586;TITULAIRE;contrat;C000586;tiers;T000426;TITULAIRE;100
L000587;TITULAIRE;contrat;C000587;tiers;T000176;TITULAIRE;100
L000588;TITULAIRE;contrat;C000588;tiers;T000102;TITULAIRE;100
L000589;TITULAIRE;contrat;C000589;tiers;T000330;TITULAIRE;100
L000590;TITULAIRE;contrat;C000590;tiers;T000411;TITULAIRE;100
L000591;TITULAIRE;contrat;C000591;tiers;T000226;TITULAIRE;100
L000592;TITULAIRE;contrat;C000592;tiers;T000262;TITULAIRE;100
L000593;TITULAIRE;contrat;C000593;tiers;T000495;TITULAIRE;100
L000594;TITULAIRE;contrat;C000594;tiers;T000242;TITULAIRE;100
L000595;TITULAIRE;contrat;C000595;tiers;T000079;TITULAIRE;100
L000596;TITULAIRE;contrat;C000596;tiers;T000219;TITULAIRE;100
L000597;TITULAIRE;contrat;C000597;tiers;T000109;TITULAIRE;100
L000598;TITULAIRE;contrat;C000598;tiers;T000290;TITULAIRE;100
L000599;TITULAIRE;contrat;C000599;tiers;T000421;TITULAIRE;100
L000600;TITULAIRE;contrat;C000600;tiers;T000288;TITULAIRE;100
L000601;TITULAIRE;contrat;C000601;tiers;T000002;TITULAIRE;100
L000602;TITULAIRE;contrat;C000602;tiers;T000247;TITULAIRE;100
L000603;TITULAIRE;contrat;C000603;tiers;T000354;TITULAIRE;100
L000604;TITULAIRE;contrat;C000604;tiers;T000466;TITULAIRE;100
L000605;TITULAIRE;contrat;C000605;tiers;T000117;TITULAIRE;100
L000606;TITULAIRE;contrat;C000606;tiers;T000480;TITULAIRE;100
L000607;TITULAIRE;contrat;C000607;tiers;T000055;TITULAIRE;100
L000608;TITULAIRE;contrat;C000608;tiers;T000151;TITULAIRE;100
L000609;TITULAIRE;contrat;C000609;tiers;T000299;TITULAIRE;100
L000610;TITULAIRE;contrat;C000610;tiers;T000326;TITULAIRE;100
L000611;TITULAIRE;contrat;C000611;tiers;T000391;TITULAIRE;100
L000612;TITULAIRE;contrat;C000612;tiers;T000087;TITULAIRE;100
L000613;TITULAIRE;contrat;C000613;tiers;T000131;TITULAIRE;100
L000614;TITULAIRE;contrat;C000614;tiers;T000079;TITULAIRE;100
L000615;TITULAIRE;contrat;C000615;tiers;T000222;TITULAIRE;100
L000616;TITULAIRE;contrat;C000616;tiers;T000253;TITULAIRE;100
L000617;TITULAIRE;contrat;C000617;tiers;T000129;TITULAIRE;100
L000618;TITULAIRE;contrat;C000618;tiers;T000381;TITULAIRE;100
L000619;TITULAIRE;contrat;C000619;tiers;T000221;TITULAIRE;100
L000620;TITULAIRE;contrat;C000620;tiers;T000296;TITULAIRE;100
L000621;TITULAIRE;contrat;C000621;tiers;T000448;TITULAIRE;100
L000622;TITULAIRE;contrat;C000622;tiers;T000130;TITULAIRE;100
L000623;TITULAIRE;contrat;C000623;tiers;T000115;TITULAIRE;100
L000624;TITULAIRE;contrat;C000624;tiers;T000091;TITULAIRE;100
L000625;TITULAIRE;contrat;C000625;tiers;T000191;TITULAIRE;100
L000626;TITULAIRE;contrat;C000626;tiers;T000414;TITULAIRE;100
L000627;TITULAIRE;contrat;C000627;tiers;T000392;TITULAIRE;100
L000628;TITULAIRE;contrat;C000628;tiers;T000209;TITULAIRE;100
L000629;TITULAIRE;contrat;C000629;tiers;T000301;TITULAIRE;100
L000630;TITULAIRE;contrat;C000630;tiers;T000332;TITULAIRE;100
L000631;TITULAIRE;contrat;C000631;tiers;T000070;TITULAIRE;100
L000632;TITULAIRE;contrat;C000632;tiers;T000049;TITULAIRE;100
L000633;TITULAIRE;contrat;C000633;tiers;T000295;TITULAIRE;100
L000634;TITULAIRE;contrat;C000634;tiers;T000482;TITULAIRE;100
L000635;TITULAIRE;contrat;C000635;tiers;T000113;TITULAIRE;100
L000636;TITULAIRE;contrat;C000636;tiers;T000189;TITULAIRE;100
L000637;TITULAIRE;contrat;C000637;tiers;T000114;TITULAIRE;100
L000638;TITULAIRE;contrat;C000638;tiers;T000150;TITULAIRE;100
L000639;TITULAIRE;contrat;C000639;tiers;T000277;TITULAIRE;100
L000640;TITULAIRE;contrat;C000640;tiers;T000043;TITULAIRE;100
L000641;TITULAIRE;contrat;C000641;tiers;T000436;TITULAIRE;100
L000642;TITULAIRE;contrat;C000642;tiers;T000371;TITULAIRE;100
L000643;TITULAIRE;contrat;C000643;tiers;T000101;TITULAIRE;100
L000644;TITULAIRE;contrat;C000644;tiers;T000491;TITULAIRE;100
L000645;TITULAIRE;contrat;C000645;tiers;T000282;TITULAIRE;100
L000646;TITULAIRE;contrat;C000646;tiers;T000097;TITULAIRE;100
L000647;TITULAIRE;contrat;C000647;tiers;T000211;TITULAIRE;100
L000648;TITULAIRE;contrat;C000648;tiers;T000331;TITULAIRE;100
L000649;TITULAIRE;contrat;C000649;tiers;T000020;TITULAIRE;100
L000650;TITULAIRE;contrat;C000650;tiers;T000041;TITULAIRE;100
L000651;TITULAIRE;contrat;C000651;tiers;T000341;TITULAIRE;100
L000652;TITULAIRE;contrat;C000652;tiers;T000158;TITULAIRE;100
L000653;TITULAIRE;contrat;C000653;tiers;T000332;TITULAIRE;100
L000654;TITULAIRE;contrat;C000654;tiers;T000234;TITULAIRE;100
L000655;TITULAIRE;contrat;C000655;tiers;T000442;TITULAIRE;100
L000656;TITULAIRE;contrat;C000656;tiers;T000448;TITULAIRE;100
L000657;TITULAIRE;contrat;C000657;tiers;T000074;TITULAIRE;100
L000658;TITULAIRE;contrat;C000658;tiers;T000423;TITULAIRE;100
L000659;TITULAIRE;contrat;C000659;tiers;T000439;TITULAIRE;100
L000660;TITULAIRE;contrat;C000660;tiers;T000144;TITULAIRE;100
L000661;TITULAIRE;contrat;C000661;tiers;T000314;TITULAIRE;100
L000662;TITULAIRE;contrat;C000662;tiers;T000187;TITULAIRE;100
L000663;TITULAIRE;contrat;C000663;tiers;T000281;TITULAIRE;100
L000664;TITULAIRE;contrat;C000664;tiers;T000167;TITULAIRE;100
L000665;TITULAIRE;contrat;C000665;tiers;T000165;TITULAIRE;100
L000666;TITULAIRE;contrat;C000666;tiers;T000043;TITULAIRE;100
L000667;TITULAIRE;contrat;C000667;tiers;T000356;TITULAIRE;100
L000668;TITULAIRE;contrat;C000668;tiers;T000125;TITULAIRE;100
L000669;TITULAIRE;contrat;C000669;tiers;T000148;TITULAIRE;100
L000670;TITULAIRE;contrat;C000670;tiers;T000011;TITULAIRE;100
L000671;TITULAIRE;contrat;C000671;tiers;T000295;TITULAIRE;100
L000672;TITULAIRE;contrat;C000672;tiers;T000226;TITULAIRE;100
L000673;TITULAIRE;contrat;C000673;tiers;T000387;TITULAIRE;100
L000674;TITULAIRE;contrat;C000674;tiers;T000274;TITULAIRE;100
L000675;TITULAIRE;contrat;C000675;tiers;T000330;TITULAIRE;100
L000676;TITULAIRE;contrat;C000676;tiers;T000234;TITULAIRE;100
L000677;TITULAIRE;contrat;C000677;tiers;T000216;TITULAIRE;100
L000678;TITULAIRE;contrat;C000678;tiers;T000408;TITULAIRE;100
L000679;TITULAIRE;contrat;C000679;tiers;T000478;TITULAIRE;100
L000680;TITULAIRE;contrat;C000680;tiers;T000160;TITULAIRE;100
L000681;TITULAIRE;contrat;C000681;tiers;T000174;TITULAIRE;100
L000682;TITULAIRE;contrat;C000682;tiers;T000169;TITULAIRE;100
L000683;TITULAIRE;contrat;C000683;tiers;T000218;TITULAIRE;100
L000684;TITULAIRE;contrat;C000684;tiers;T000334;TITULAIRE;100
L000685;TITULAIRE;contrat;C000685;tiers;T000353;TITULAIRE;100
L000686;TITULAIRE;contrat;C000686;tiers;T000364;TITULAIRE;100
L000687;TITULAIRE;contrat;C000687;tiers;T000338;TITULAIRE;100
L000688;TITULAIRE;contrat;C000688;tiers;T000001;TITULAIRE;100
L000689;TITULAIRE;contrat;C000689;tiers;T000155;TITULAIRE;100
L000690;TITULAIRE;contrat;C000690;tiers;T000440;TITULAIRE;100
L000691;TITULAIRE;contrat;C000691;tiers;T000098;TITULAIRE;100
L000692;TITULAIRE;contrat;C000692;tiers;T000220;TITULAIRE;100
L000693;TITULAIRE;contrat;C000693;tiers;T000084;TITULAIRE;100
L000694;TITULAIRE;contrat;C000694;tiers;T000011;TITULAIRE;100
L000695;TITULAIRE;contrat;C000695;tiers;T000332;TITULAIRE;100
L000696;TITULAIRE;contrat;C000696;tiers;T000349;TITULAIRE;100
L000697;TITULAIRE;contrat;C000697;tiers;T000066;TITULAIRE;100
L000698;TITULAIRE;contrat;C000698;tiers;T000067;TITULAIRE;100
L000699;TITULAIRE;contrat;C000699;tiers;T000136;TITULAIRE;100
L000700;TITULAIRE;contrat;C000700;tiers;T000446;TITULAIRE;100
L000701;TITULAIRE;contrat;C000701;tiers;T000393;TITULAIRE;100
L000702;TITULAIRE;contrat;C000702;tiers;T000251;TITULAIRE;100
L000703;TITULAIRE;contrat;C000703;tiers;T000148;TITULAIRE;100
L000704;TITULAIRE;contrat;C000704;tiers;T000101;TITULAIRE;100
L000705;TITULAIRE;contrat;C000705;tiers;T000482;TITULAIRE;100
L000706;TITULAIRE;contrat;C000706;tiers;T000028;TITULAIRE;100
L000707;TITULAIRE;contrat;C000707;tiers;T000257;TITULAIRE;100
L000708;TITULAIRE;contrat;C000708;tiers;T000039;TITULAIRE;100
L000709;TITULAIRE;contrat;C000709;tiers;T000082;TITULAIRE;100
L000710;TITULAIRE;contrat;C000710;tiers;T000031;TITULAIRE;100
L000711;TITULAIRE;contrat;C000711;tiers;T000132;TITULAIRE;100
L000712;TITULAIRE;contrat;C000712;tiers;T000195;TITULAIRE;100
L000713;TITULAIRE;contrat;C000713;tiers;T000324;TITULAIRE;100
L000714;TITULAIRE;contrat;C000714;tiers;T000479;TITULAIRE;100
L000715;TITULAIRE;contrat;C000715;tiers;T000133;TITULAIRE;100
L000716;TITULAIRE;contrat;C000716;tiers;T000301;TITULAIRE;100
L000717;TITULAIRE;contrat;C000717;tiers;T000243;TITULAIRE;100
L000718;TITULAIRE;contrat;C000718;tiers;T000189;TITULAIRE;100
L000719;TITULAIRE;contrat;C000719;tiers;T000115;TITULAIRE;100
L000720;TITULAIRE;contrat;C000720;tiers;T000479;TITULAIRE;100
L000721;TITULAIRE;contrat;C000721;tiers;T000114;TITULAIRE;100
L000722;TITULAIRE;contrat;C000722;tiers;T000056;TITULAIRE;100
L000723;TITULAIRE;contrat;C000723;tiers;T000203;TITULAIRE;100
L000724;TITULAIRE;contrat;C000724;tiers;T000231;TITULAIRE;100
L000725;TITULAIRE;contrat;C000725;tiers;T000246;TITULAIRE;100
L000726;TITULAIRE;contrat;C000726;tiers;T000091;TITULAIRE;100
L000727;TITULAIRE;contrat;C000727;tiers;T000201;TITULAIRE;100
L000728;TITULAIRE;contrat;C000728;tiers;T000206;TITULAIRE;100
L000729;TITULAIRE;contrat;C000729;tiers;T000418;TITULAIRE;100
L000730;TITULAIRE;contrat;C000730;tiers;T000367;TITULAIRE;100
L000731;TITULAIRE;contrat;C000731;tiers;T000320;TITULAIRE;100
L000732;TITULAIRE;contrat;C000732;tiers;T000461;TITULAIRE;100
L000733;TITULAIRE;contrat;C000733;tiers;T000221;TITULAIRE;100
L000734;TITULAIRE;contrat;C000734;tiers;T000165;TITULAIRE;100
L000735;TITULAIRE;contrat;C000735;tiers;T000461;TITULAIRE;100
L000736;TITULAIRE;contrat;C000736;tiers;T000204;TITULAIRE;100
L000737;TITULAIRE;contrat;C000737;tiers;T000263;TITULAIRE;100
L000738;TITULAIRE;contrat;C000738;tiers;T000312;TITULAIRE;100
L000739;TITULAIRE;contrat;C000739;tiers;T000273;TITULAIRE;100
L000740;TITULAIRE;contrat;C000740;tiers;T000193;TITULAIRE;100
L000741;TITULAIRE;contrat;C000741;tiers;T000001;TITULAIRE;100
L000742;TITULAIRE;contrat;C000742;tiers;T000296;TITULAIRE;100
L000743;TITULAIRE;contrat;C000743;tiers;T000208;TITULAIRE;100
L000744;TITULAIRE;contrat;C000744;tiers;T000185;TITULAIRE;100
L000745;TITULAIRE;contrat;C000745;tiers;T000135;TITULAIRE;100
L000746;TITULAIRE;contrat;C000746;tiers;T000006;TITULAIRE;100
L000747;TITULAIRE;contrat;C000747;tiers;T000361;TITULAIRE;100
L000748;TITULAIRE;contrat;C000748;tiers;T000415;TITULAIRE;100
L000749;TITULAIRE;contrat;C000749;tiers;T000272;TITULAIRE;100
L000750;TITULAIRE;contrat;C000750;tiers;T000298;TITULAIRE;100
L000751;TITULAIRE;contrat;C000751;tiers;T000422;TITULAIRE;100
L000752;TITULAIRE;contrat;C000752;tiers;T000071;TITULAIRE;100
L000753;TITULAIRE;contrat;C000753;tiers;T000202;TITULAIRE;100
L000754;TITULAIRE;contrat;C000754;tiers;T000218;TITULAIRE;100
L000755;TITULAIRE;contrat;C000755;tiers;T000092;TITULAIRE;100
L000756;TITULAIRE;contrat;C000756;tiers;T000015;TITULAIRE;100
L000757;TITULAIRE;contrat;C000757;tiers;T000237;TITULAIRE;100
L000758;TITULAIRE;contrat;C000758;tiers;T000425;TITULAIRE;100
L000759;TITULAIRE;contrat;C000759;tiers;T000002;TITULAIRE;100
L000760;TITULAIRE;contrat;C000760;tiers;T000482;TITULAIRE;100
L000761;TITULAIRE;contrat;C000761;tiers;T000094;TITULAIRE;100
L000762;TITULAIRE;contrat;C000762;tiers;T000204;TITULAIRE;100
L000763;TITULAIRE;contrat;C000763;tiers;T000408;TITULAIRE;100
L000764;TITULAIRE;contrat;C000764;tiers;T000277;TITULAIRE;100
L000765;TITULAIRE;contrat;C000765;tiers;T000007;TITULAIRE;100
L000766;TITULAIRE;contrat;C000766;tiers;T000319;TITULAIRE;100
L000767;TITULAIRE;contrat;C000767;tiers;T000281;TITULAIRE;100
L000768;TITULAIRE;contrat;C000768;tiers;T000036;TITULAIRE;100
L000769;TITULAIRE;contrat;C000769;tiers;T000307;TITULAIRE;100
L000770;TITULAIRE;contrat;C000770;tiers;T000032;TITULAIRE;100
L000771;TITULAIRE;contrat;C000771;tiers;T000488;TITULAIRE;100
L000772;TITULAIRE;contrat;C000772;tiers;T000043;TITULAIRE;100
L000773;TITULAIRE;contrat;C000773;tiers;T000337;TITULAIRE;100
L000774;TITULAIRE;contrat;C000774;tiers;T000186;TITULAIRE;100
L000775;TITULAIRE;contrat;C000775;tiers;T000069;TITULAIRE;100
L000776;TITULAIRE;contrat;C000776;tiers;T000302;TITULAIRE;100
L000777;TITULAIRE;contrat;C000777;tiers;T000141;TITULAIRE;100
L000778;TITULAIRE;contrat;C000778;tiers;T000481;TITULAIRE;100
L000779;TITULAIRE;contrat;C000779;tiers;T000194;TITULAIRE;100
L000780;TITULAIRE;contrat;C000780;tiers;T000335;TITULAIRE;100
L000781;TITULAIRE;contrat;C000781;tiers;T000007;TITULAIRE;100
L000782;TITULAIRE;contrat;C000782;tiers;T000303;TITULAIRE;100
L000783;TITULAIRE;contrat;C000783;tiers;T000325;TITULAIRE;100
L000784;TITULAIRE;contrat;C000784;tiers;T000341;TITULAIRE;100
L000785;TITULAIRE;contrat;C000785;tiers;T000165;TITULAIRE;100
L000786;TITULAIRE;contrat;C000786;tiers;T000122;TITULAIRE;100
L000787;TITULAIRE;contrat;C000787;tiers;T000027;TITULAIRE;100
L000788;TITULAIRE;contrat;C000788;tiers;T000221;TITULAIRE;100
L000789;TITULAIRE;contrat;C000789;tiers;T000265;TITULAIRE;100
L000790;TITULAIRE;contrat;C000790;tiers;T000281;TITULAIRE;100
L000791;TITULAIRE;contrat;C000791;tiers;T000012;TITULAIRE;100
L000792;TITULAIRE;contrat;C000792;tiers;T000224;TITULAIRE;100
L000793;TITULAIRE;contrat;C000793;tiers;T000058;TITULAIRE;100
L000794;TITULAIRE;contrat;C000794;tiers;T000059;TITULAIRE;100
L000795;TITULAIRE;contrat;C000795;tiers;T000123;TITULAIRE;100
L000796;TITULAIRE;contrat;C000796;tiers;T000358;TITULAIRE;100
L000797;TITULAIRE;contrat;C000797;tiers;T000328;TITULAIRE;100
L000798;TITULAIRE;contrat;C000798;tiers;T000188;TITULAIRE;100
L000799;TITULAIRE;contrat;C000799;tiers;T000367;TITULAIRE;100
L000800;TITULAIRE;contrat;C000800;tiers;T000213;TITULAIRE;100
L000801;TITULAIRE;contrat;C000801;tiers;T000499;TITULAIRE;100
L000802;TITULAIRE;contrat;C000802;tiers;T000283;TITULAIRE;100
L000803;TITULAIRE;contrat;C000803;tiers;T000486;TITULAIRE;100
L000804;TITULAIRE;contrat;C000804;tiers;T000337;TITULAIRE;100
L000805;TITULAIRE;contrat;C000805;tiers;T000420;TITULAIRE;100
L000806;TITULAIRE;contrat;C000806;tiers;T000171;TITULAIRE;100
L000807;TITULAIRE;contrat;C000807;tiers;T000439;TITULAIRE;100
L000808;TITULAIRE;contrat;C000808;tiers;T000089;TITULAIRE;100
L000809;TITULAIRE;contrat;C000809;tiers;T000062;TITULAIRE;100
L000810;TITULAIRE;contrat;C000810;tiers;T000376;TITULAIRE;100
L000811;TITULAIRE;contrat;C000811;tiers;T000263;TITULAIRE;100
L000812;TITULAIRE;contrat;C000812;tiers;T000383;TITULAIRE;100
L000813;TITULAIRE;contrat;C000813;tiers;T000006;TITULAIRE;100
L000814;TITULAIRE;contrat;C000814;tiers;T000283;TITULAIRE;100
L000815;TITULAIRE;contrat;C000815;tiers;T000482;TITULAIRE;100
L000816;TITULAIRE;contrat;C000816;tiers;T000433;TITULAIRE;100
L000817;TITULAIRE;contrat;C000817;tiers;T000185;TITULAIRE;100
L000818;TITULAIRE;contrat;C000818;tiers;T000222;TITULAIRE;100
L000819;TITULAIRE;contrat;C000819;tiers;T000290;TITULAIRE;100
L000820;TITULAIRE;contrat;C000820;tiers;T000280;TITULAIRE;100
L000821;TITULAIRE;contrat;C000821;tiers;T000263;TITULAIRE;100
L000822;TITULAIRE;contrat;C000822;tiers;T000333;TITULAIRE;100
L000823;TITULAIRE;contrat;C000823;tiers;T000349;TITULAIRE;100
L000824;TITULAIRE;contrat;C000824;tiers;T000127;TITULAIRE;100
L000825;TITULAIRE;contrat;C000825;tiers;T000366;TITULAIRE;100
L000826;TITULAIRE;contrat;C000826;tiers;T000108;TITULAIRE;100
L000827;TITULAIRE;contrat;C000827;tiers;T000334;TITULAIRE;100
L000828;TITULAIRE;contrat;C000828;tiers;T000309;TITULAIRE;100
L000829;TITULAIRE;contrat;C000829;tiers;T000132;TITULAIRE;100
L000830;TITULAIRE;contrat;C000830;tiers;T000205;TITULAIRE;100
L000831;TITULAIRE;contrat;C000831;tiers;T000489;TITULAIRE;100
L000832;TITULAIRE;contrat;C000832;tiers;T000026;TITULAIRE;100
L000833;TITULAIRE;contrat;C000833;tiers;T000424;TITULAIRE;100
L000834;TITULAIRE;contrat;C000834;tiers;T000422;TITULAIRE;100
L000835;TITULAIRE;contrat;C000835;tiers;T000478;TITULAIRE;100
L000836;TITULAIRE;contrat;C000836;tiers;T000035;TITULAIRE;100
L000837;TITULAIRE;contrat;C000837;tiers;T000305;TITULAIRE;100
L000838;TITULAIRE;contrat;C000838;tiers;T000313;TITULAIRE;100
L000839;TITULAIRE;contrat;C000839;tiers;T000487;TITULAIRE;100
L000840;TITULAIRE;contrat;C000840;tiers;T000227;TITULAIRE;100
L000841;TITULAIRE;contrat;C000841;tiers;T000449;TITULAIRE;100
L000842;TITULAIRE;contrat;C000842;tiers;T000213;TITULAIRE;100
L000843;TITULAIRE;contrat;C000843;tiers;T000473;TITULAIRE;100
L000844;TITULAIRE;contrat;C000844;tiers;T000342;TITULAIRE;100
L000845;TITULAIRE;contrat;C000845;tiers;T000117;TITULAIRE;100
L000846;TITULAIRE;contrat;C000846;tiers;T000354;TITULAIRE;100
L000847;TITULAIRE;contrat;C000847;tiers;T000464;TITULAIRE;100
L000848;TITULAIRE;contrat;C000848;tiers;T000387;TITULAIRE;100
L000849;TITULAIRE;contrat;C000849;tiers;T000105;TITULAIRE;100
L000850;TITULAIRE;contrat;C000850;tiers;T000330;TITULAIRE;100
L000851;TITULAIRE;contrat;C000851;tiers;T000359;TITULAIRE;100
L000852;TITULAIRE;contrat;C000852;tiers;T000091;TITULAIRE;100
L000853;TITULAIRE;contrat;C000853;tiers;T000349;TITULAIRE;100
L000854;TITULAIRE;contrat;C000854;tiers;T000046;TITULAIRE;100
L000855;TITULAIRE;contrat;C000855;tiers;T000447;TITULAIRE;100
L000856;TITULAIRE;contrat;C000856;tiers;T000054;TITULAIRE;100
L000857;TITULAIRE;contrat;C000857;tiers;T000025;TITULAIRE;100
L000858;TITULAIRE;contrat;C000858;tiers;T000270;TITULAIRE;100
L000859;TITULAIRE;contrat;C000859;tiers;T000194;TITULAIRE;100
L000860;TITULAIRE;contrat;C000860;tiers;T000330;TITULAIRE;100
L000861;TITULAIRE;contrat;C000861;tiers;T000496;TITULAIRE;100
L000862;TITULAIRE;contrat;C000862;tiers;T000268;TITULAIRE;100
L000863;TITULAIRE;contrat;C000863;tiers;T000479;TITULAIRE;100
L000864;TITULAIRE;contrat;C000864;tiers;T000359;TITULAIRE;100
L000865;TITULAIRE;contrat;C000865;tiers;T000274;TITULAIRE;100
L000866;TITULAIRE;contrat;C000866;tiers;T000115;TITULAIRE;100
L000867;TITULAIRE;contrat;C000867;tiers;T000149;TITULAIRE;100
L000868;TITULAIRE;contrat;C000868;tiers;T000257;TITULAIRE;100
L000869;TITULAIRE;contrat;C000869;tiers;T000485;TITULAIRE;100
L000870;TITULAIRE;contrat;C000870;tiers;T000023;TITULAIRE;100
L000871;TITULAIRE;contrat;C000871;tiers;T000113;TITULAIRE;100
L000872;TITULAIRE;contrat;C000872;tiers;T000392;TITULAIRE;100
L000873;TITULAIRE;contrat;C000873;tiers;T000029;TITULAIRE;100
L000874;TITULAIRE;contrat;C000874;tiers;T000334;TITULAIRE;100
L000875;TITULAIRE;contrat;C000875;tiers;T000010;TITULAIRE;100
L000876;TITULAIRE;contrat;C000876;tiers;T000172;TITULAIRE;100
L000877;TITULAIRE;contrat;C000877;tiers;T000447;TITULAIRE;100
L000878;TITULAIRE;contrat;C000878;tiers;T000428;TITULAIRE;100
L000879;TITULAIRE;contrat;C000879;tiers;T000300;TITULAIRE;100
L000880;TITULAIRE;contrat;C000880;tiers;T000426;TITULAIRE;100
L000881;TITULAIRE;contrat;C000881;tiers;T000263;TITULAIRE;100
L000882;TITULAIRE;contrat;C000882;tiers;T000465;TITULAIRE;100
L000883;TITULAIRE;contrat;C000883;tiers;T000223;TITULAIRE;100
L000884;TITULAIRE;contrat;C000884;tiers;T000189;TITULAIRE;100
L000885;TITULAIRE;contrat;C000885;tiers;T000439;TITULAIRE;100
L000886;TITULAIRE;contrat;C000886;tiers;T000379;TITULAIRE;100
L000887;TITULAIRE;contrat;C000887;tiers;T000315;TITULAIRE;100
L000888;TITULAIRE;contrat;C000888;tiers;T000291;TITULAIRE;100
L000889;TITULAIRE;contrat;C000889;tiers;T000430;TITULAIRE;100
L000890;TITULAIRE;contrat;C000890;tiers;T000341;TITULAIRE;100
L000891;TITULAIRE;contrat;C000891;tiers;T000275;TITULAIRE;100
L000892;TITULAIRE;contrat;C000892;tiers;T000196;TITULAIRE;100
L000893;TITULAIRE;contrat;C000893;tiers;T000284;TITULAIRE;100
L000894;TITULAIRE;contrat;C000894;tiers;T000162;TITULAIRE;100
L000895;TITULAIRE;contrat;C000895;tiers;T000112;TITULAIRE;100
L000896;TITULAIRE;contrat;C000896;tiers;T000091;TITULAIRE;100
L000897;TITULAIRE;contrat;C000897;tiers;T000356;TITULAIRE;100
L000898;TITULAIRE;contrat;C000898;tiers;T000085;TITULAIRE;100
L000899;TITULAIRE;contrat;C000899;tiers;T000369;TITULAIRE;100
L000900;TITULAIRE;contrat;C000900;tiers;T000389;TITULAIRE;100
L000901;TITULAIRE;contrat;C000901;tiers;T000043;TITULAIRE;100
L000902;TITULAIRE;contrat;C000902;tiers;T000209;TITULAIRE;100
L000903;TITULAIRE;contrat;C000903;tiers;T000083;TITULAIRE;100
L000904;TITULAIRE;contrat;C000904;tiers;T000383;TITULAIRE;100
L000905;TITULAIRE;contrat;C000905;tiers;T000423;TITULAIRE;100
L000906;TITULAIRE;contrat;C000906;tiers;T000484;TITULAIRE;100
L000907;TITULAIRE;contrat;C000907;tiers;T000134;TITULAIRE;100
L000908;TITULAIRE;contrat;C000908;tiers;T000077;TITULAIRE;100
L000909;TITULAIRE;contrat;C000909;tiers;T000051;TITULAIRE;100
L000910;TITULAIRE;contrat;C000910;tiers;T000400;TITULAIRE;100
L000911;TITULAIRE;contrat;C000911;tiers;T000296;TITULAIRE;100
L000912;TITULAIRE;contrat;C000912;tiers;T000287;TITULAIRE;100
L000913;TITULAIRE;contrat;C000913;tiers;T000264;TITULAIRE;100
L000914;TITULAIRE;contrat;C000914;tiers;T000459;TITULAIRE;100
L000915;TITULAIRE;contrat;C000915;tiers;T000491;TITULAIRE;100
L000916;TITULAIRE;contrat;C000916;tiers;T000292;TITULAIRE;100
L000917;TITULAIRE;contrat;C000917;tiers;T000065;TITULAIRE;100
L000918;TITULAIRE;contrat;C000918;tiers;T000006;TITULAIRE;100
L000919;TITULAIRE;contrat;C000919;tiers;T000468;TITULAIRE;100
L000920;TITULAIRE;contrat;C000920;tiers;T000481;TITULAIRE;100
L000921;TITULAIRE;contrat;C000921;tiers;T000283;TITULAIRE;100
L000922;TITULAIRE;contrat;C000922;tiers;T000113;TITULAIRE;100
L000923;TITULAIRE;contrat;C000923;tiers;T000052;TITULAIRE;100
L000924;TITULAIRE;contrat;C000924;tiers;T000099;TITULAIRE;100
L000925;TITULAIRE;contrat;C000925;tiers;T000431;TITULAIRE;100
L000926;TITULAIRE;contrat;C000926;tiers;T000017;TITULAIRE;100
L000927;TITULAIRE;contrat;C000927;tiers;T000234;TITULAIRE;100
L000928;TITULAIRE;contrat;C000928;tiers;T000273;TITULAIRE;100
L000929;TITULAIRE;contrat;C000929;tiers;T000441;TITULAIRE;100
L000930;TITULAIRE;contrat;C000930;tiers;T000368;TITULAIRE;100
L000931;TITULAIRE;contrat;C000931;tiers;T000354;TITULAIRE;100
L000932;TITULAIRE;contrat;C000932;tiers;T000440;TITULAIRE;100
L000933;TITULAIRE;contrat;C000933;tiers;T000196;TITULAIRE;100
L000934;TITULAIRE;contrat;C000934;tiers;T000209;TITULAIRE;100
L000935;TITULAIRE;contrat;C000935;tiers;T000356;TITULAIRE;100
L000936;TITULAIRE;contrat;C000936;tiers;T000093;TITULAIRE;100
L000937;TITULAIRE;contrat;C000937;tiers;T000249;TITULAIRE;100
L000938;TITULAIRE;contrat;C000938;tiers;T000214;TITULAIRE;100
L000939;TITULAIRE;contrat;C000939;tiers;T000392;TITULAIRE;100
L000940;TITULAIRE;contrat;C000940;tiers;T000460;TITULAIRE;100
L000941;TITULAIRE;contrat;C000941;tiers;T000318;TITULAIRE;100
L000942;TITULAIRE;contrat;C000942;tiers;T000136;TITULAIRE;100
L000943;TITULAIRE;contrat;C000943;tiers;T000294;TITULAIRE;100
L000944;TITULAIRE;contrat;C000944;tiers;T000382;TITULAIRE;100
L000945;TITULAIRE;contrat;C000945;tiers;T000092;TITULAIRE;100
L000946;TITULAIRE;contrat;C000946;tiers;T000117;TITULAIRE;100
L000947;TITULAIRE;contrat;C000947;tiers;T000079;TITULAIRE;100
L000948;TITULAIRE;contrat;C000948;tiers;T000451;TITULAIRE;100
L000949;TITULAIRE;contrat;C000949;tiers;T000016;TITULAIRE;100
L000950;TITULAIRE;contrat;C000950;tiers;T000230;TITULAIRE;100
L000951;TITULAIRE;contrat;C000951;tiers;T000466;TITULAIRE;100
L000952;TITULAIRE;contrat;C000952;tiers;T000346;TITULAIRE;100
L000953;TITULAIRE;contrat;C000953;tiers;T000126;TITULAIRE;100
L000954;TITULAIRE;contrat;C000954;tiers;T000452;TITULAIRE;100
L000955;TITULAIRE;contrat;C000955;tiers;T000457;TITULAIRE;100
L000956;TITULAIRE;contrat;C000956;tiers;T000351;TITULAIRE;100
L000957;TITULAIRE;contrat;C000957;tiers;T000218;TITULAIRE;100
L000958;TITULAIRE;contrat;C000958;tiers;T000164;TITULAIRE;100
L000959;TITULAIRE;contrat;C000959;tiers;T000400;TITULAIRE;100
L000960;TITULAIRE;contrat;C000960;tiers;T000382;TITULAIRE;100
L000961;TITULAIRE;contrat;C000961;tiers;T000265;TITULAIRE;100
L000962;TITULAIRE;contrat;C000962;tiers;T000051;TITULAIRE;100
L000963;TITULAIRE;contrat;C000963;tiers;T000053;TITULAIRE;100
L000964;TITULAIRE;contrat;C000964;tiers;T000399;TITULAIRE;100
L000965;TITULAIRE;contrat;C000965;tiers;T000401;TITULAIRE;100
L000966;TITULAIRE;contrat;C000966;tiers;T000233;TITULAIRE;100
L000967;TITULAIRE;contrat;C000967;tiers;T000396;TITULAIRE;100
L000968;TITULAIRE;contrat;C000968;tiers;T000463;TITULAIRE;100
L000969;TITULAIRE;contrat;C000969;tiers;T000159;TITULAIRE;100
L000970;TITULAIRE;contrat;C000970;tiers;T000209;TITULAIRE;100
L000971;TITULAIRE;contrat;C000971;tiers;T000413;TITULAIRE;100
L000972;TITULAIRE;contrat;C000972;tiers;T000104;TITULAIRE;100
L000973;TITULAIRE;contrat;C000973;tiers;T000115;TITULAIRE;100
L000974;TITULAIRE;contrat;C000974;tiers;T000019;TITULAIRE;100
L000975;TITULAIRE;contrat;C000975;tiers;T000480;TITULAIRE;100
L000976;TITULAIRE;contrat;C000976;tiers;T000001;TITULAIRE;100
L000977;TITULAIRE;contrat;C000977;tiers;T000263;TITULAIRE;100
L000978;TITULAIRE;contrat;C000978;tiers;T000219;TITULAIRE;100
L000979;TITULAIRE;contrat;C000979;tiers;T000479;TITULAIRE;100
L000980;TITULAIRE;contrat;C000980;tiers;T000025;TITULAIRE;100
L000981;TITULAIRE;contrat;C000981;tiers;T000477;TITULAIRE;100
L000982;TITULAIRE;contrat;C000982;tiers;T000043;TITULAIRE;100
L000983;TITULAIRE;contrat;C000983;tiers;T000066;TITULAIRE;100
L000984;TITULAIRE;contrat;C000984;tiers;T000105;TITULAIRE;100
L000985;TITULAIRE;contrat;C000985;tiers;T000442;TITULAIRE;100
L000986;TITULAIRE;contrat;C000986;tiers;T000013;TITULAIRE;100
L000987;TITULAIRE;contrat;C000987;tiers;T000155;TITULAIRE;100
L000988;TITULAIRE;contrat;C000988;tiers;T000258;TITULAIRE;100
L000989;TITULAIRE;contrat;C000989;tiers;T000386;TITULAIRE;100
L000990;TITULAIRE;contrat;C000990;tiers;T000086;TITULAIRE;100
L000991;TITULAIRE;contrat;C000991;tiers;T000124;TITULAIRE;100
L000992;TITULAIRE;contrat;C000992;tiers;T000012;TITULAIRE;100
L000993;TITULAIRE;contrat;C000993;tiers;T000086;TITULAIRE;100
L000994;TITULAIRE;contrat;C000994;tiers;T000478;TITULAIRE;100
L000995;TITULAIRE;contrat;C000995;tiers;T000213;TITULAIRE;100
L000996;TITULAIRE;contrat;C000996;tiers;T000130;TITULAIRE;100
L000997;TITULAIRE;contrat;C000997;tiers;T000333;TITULAIRE;100
L000998;TITULAIRE;contrat;C000998;tiers;T000427;TITULAIRE;100
L000999;TITULAIRE;contrat;C000999;tiers;T000023;TITULAIRE;100
L001000;TITULAIRE;contrat;C001000;tiers;T000234;TITULAIRE;100
L001001;CO_EMPRUNTEUR;contrat;C000001;tiers;T000205;CO_EMPRUNTEUR;50
L001002;CO_EMPRUNTEUR;contrat;C000002;tiers;T000478;CO_EMPRUNTEUR;50
L001003;CO_EMPRUNTEUR;contrat;C000003;tiers;T000017;CO_EMPRUNTEUR;50
L001004;CO_EMPRUNTEUR;contrat;C000004;tiers;T000346;CO_EMPRUNTEUR;50
L001005;CO_EMPRUNTEUR;contrat;C000005;tiers;T000491;CO_EMPRUNTEUR;50
L001006;CO_EMPRUNTEUR;contrat;C000006;tiers;T000038;CO_EMPRUNTEUR;50
L001007;CO_EMPRUNTEUR;contrat;C000007;tiers;T000111;CO_EMPRUNTEUR;50
L001008;CO_EMPRUNTEUR;contrat;C000008;tiers;T000025;CO_EMPRUNTEUR;50
L001009;CO_EMPRUNTEUR;contrat;C000009;tiers;T000370;CO_EMPRUNTEUR;50
L001010;CO_EMPRUNTEUR;contrat;C000010;tiers;T000022;CO_EMPRUNTEUR;50
L001011;CO_EMPRUNTEUR;contrat;C000011;tiers;T000264;CO_EMPRUNTEUR;50
L001012;CO_EMPRUNTEUR;contrat;C000012;tiers;T000104;CO_EMPRUNTEUR;50
L001013;CO_EMPRUNTEUR;contrat;C000013;tiers;T000453;CO_EMPRUNTEUR;50
L001014;CO_EMPRUNTEUR;contrat;C000014;tiers;T000019;CO_EMPRUNTEUR;50
L001015;CO_EMPRUNTEUR;contrat;C000015;tiers;T000364;CO_EMPRUNTEUR;50
L001016;CO_EMPRUNTEUR;contrat;C000016;tiers;T000106;CO_EMPRUNTEUR;50
L001017;CO_EMPRUNTEUR;contrat;C000017;tiers;T000043;CO_EMPRUNTEUR;50
L001018;CO_EMPRUNTEUR;contrat;C000018;tiers;T000371;CO_EMPRUNTEUR;50
L001019;CO_EMPRUNTEUR;contrat;C000019;tiers;T000186;CO_EMPRUNTEUR;50
L001020;CO_EMPRUNTEUR;contrat;C000020;tiers;T000190;CO_EMPRUNTEUR;50
L001021;CO_EMPRUNTEUR;contrat;C000021;tiers;T000061;CO_EMPRUNTEUR;50
L001022;CO_EMPRUNTEUR;contrat;C000022;tiers;T000322;CO_EMPRUNTEUR;50
L001023;CO_EMPRUNTEUR;contrat;C000023;tiers;T000238;CO_EMPRUNTEUR;50
L001024;CO_EMPRUNTEUR;contrat;C000024;tiers;T000058;CO_EMPRUNTEUR;50
L001025;CO_EMPRUNTEUR;contrat;C000025;tiers;T000471;CO_EMPRUNTEUR;50
L001026;CO_EMPRUNTEUR;contrat;C000026;tiers;T000361;CO_EMPRUNTEUR;50
L001027;CO_EMPRUNTEUR;contrat;C000027;tiers;T000091;CO_EMPRUNTEUR;50
L001028;CO_EMPRUNTEUR;contrat;C000028;tiers;T000361;CO_EMPRUNTEUR;50
L001029;CO_EMPRUNTEUR;contrat;C000029;tiers;T000062;CO_EMPRUNTEUR;50
L001030;CO_EMPRUNTEUR;contrat;C000030;tiers;T000453;CO_EMPRUNTEUR;50
L001031;CO_EMPRUNTEUR;contrat;C000031;tiers;T000363;CO_EMPRUNTEUR;50
L001032;CO_EMPRUNTEUR;contrat;C000032;tiers;T000309;CO_EMPRUNTEUR;50
L001033;CO_EMPRUNTEUR;contrat;C000033;tiers;T000212;CO_EMPRUNTEUR;50
L001034;CO_EMPRUNTEUR;contrat;C000034;tiers;T000343;CO_EMPRUNTEUR;50
L001035;CO_EMPRUNTEUR;contrat;C000035;tiers;T000073;CO_EMPRUNTEUR;50
L001036;CO_EMPRUNTEUR;contrat;C000036;tiers;T000179;CO_EMPRUNTEUR;50
L001037;CO_EMPRUNTEUR;contrat;C000037;tiers;T000143;CO_EMPRUNTEUR;50
L001038;CO_EMPRUNTEUR;contrat;C000038;tiers;T000137;CO_EMPRUNTEUR;50
L001039;CO_EMPRUNTEUR;contrat;C000039;tiers;T000165;CO_EMPRUNTEUR;50
L001040;CO_EMPRUNTEUR;contrat;C000040;tiers;T000483;CO_EMPRUNTEUR;50
L001041;CO_EMPRUNTEUR;contrat;C000041;tiers;T000421;CO_EMPRUNTEUR;50
L001042;CO_EMPRUNTEUR;contrat;C000042;tiers;T000229;CO_EMPRUNTEUR;50
L001043;CO_EMPRUNTEUR;contrat;C000043;tiers;T000122;CO_EMPRUNTEUR;50
L001044;CO_EMPRUNTEUR;contrat;C000044;tiers;T000457;CO_EMPRUNTEUR;50
L001045;CO_EMPRUNTEUR;contrat;C000045;tiers;T000122;CO_EMPRUNTEUR;50
L001046;CO_EMPRUNTEUR;contrat;C000046;tiers;T000074;CO_EMPRUNTEUR;50
L001047;CO_EMPRUNTEUR;contrat;C000047;tiers;T000044;CO_EMPRUNTEUR;50
L001048;CO_EMPRUNTEUR;contrat;C000048;tiers;T000168;CO_EMPRUNTEUR;50
L001049;CO_EMPRUNTEUR;contrat;C000049;tiers;T000110;CO_EMPRUNTEUR;50
L001050;CO_EMPRUNTEUR;contrat;C000050;tiers;T000016;CO_EMPRUNTEUR;150
